[    6399ms] [ERROR] Failed to initialize Shiki for Monaco: Error: Illegal theme name!
    at LAe.defineTheme (https://cdn.jsdelivr.net/npm/monaco-editor@0.55.1/min/vs/editor.api-CalNCsUg.js:462:955)
    at Object.a5e [as defineTheme] (https://cdn.jsdelivr.net/npm/monaco-editor@0.55.1/min/vs/editor.api-CalNCsUg.js:902:21823)
    at s (https://jsonlint.com/_next/static/chunks/7676.94cb8c2e3d1ea790.js:1:1201)
    at https://jsonlint.com/_next/static/chunks/app/json-minify/page-c8cd844c1ceb5917.js:1:19585
    at async f (https://jsonlint.com/_next/static/chunks/app/json-minify/page-c8cd844c1ceb5917.js:1:19676)
    at async Object.current (https://jsonlint.com/_next/static/chunks/app/json-minify/page-c8cd844c1ceb5917.js:1:20063) @ https://jsonlint.com/_next/static/chunks/app/json-minify/page-c8cd844c1ceb5917.js:0
[    6845ms] [WARNING] [GPT] PubAdsService.enableSingleRequest is deprecated, use googletag.setConfig({singleRequest: ...}) instead.
https://goo.gle/gpt-message#170 @ https://securepubads.g.doubleclick.net/pagead/managed/js/gpt/m202609030101/pubads_impl.js?cb=122880906:18
[    7471ms] [ERROR] Access to fetch at 'https://hbopenbid.pubmatic.com/translator?source=prebid-client&gzip=1' from origin 'https://jsonlint.com' has been blocked by CORS policy: No 'Access-Control-Allow-Origin' header is present on the requested resource. @ https://jsonlint.com/:0
[    7472ms] [ERROR] Failed to load resource: net::ERR_FAILED @ https://hbopenbid.pubmatic.com/translator?source=prebid-client&gzip=1:0
[    9057ms] [WARNING] [GPT] Slot.setTargeting is deprecated, use Slot.setConfig({targeting: ...}) instead.
https://goo.gle/gpt-message#171 @ https://securepubads.g.doubleclick.net/pagead/managed/js/gpt/m202609030101/pubads_impl.js?cb=122880906:18
[   11043ms] [ERROR] Mixed Content: The page at 'https://jsonlint.com/' was loaded over HTTPS, but requested an insecure script 'http://edge.quantserve.com/quant.js'. This request has been blocked; the content must be served over HTTPS. @ :0
[   11468ms] [ERROR] Failed to load resource: net::ERR_NAME_NOT_RESOLVED @ https://cs.lkqd.net/cs?partnerId=59&redirect=https%3A%2F%2Fcm.g.doubleclick.net%2Fpixel%3Fgoogle_nid%3Dlkqd_dbm%26google_hm%3D%24%24rawlkqduserid%7Cbase64%24%24:0
[   11681ms] [ERROR] Failed to load resource: net::ERR_NAME_NOT_RESOLVED @ https://cs.lkqd.net/cs?partnerId=59&redirect=https%3A%2F%2Fcm.g.doubleclick.net%2Fpixel%3Fgoogle_nid%3Dlkqd_dbm%26google_hm%3D%24%24rawlkqduserid%7Cbase64%24%24:0
[   11873ms] [ERROR] Failed to load resource: net::ERR_NAME_NOT_RESOLVED @ https://cs.lkqd.net/cs?partnerId=59&redirect=https%3A%2F%2Fcm.g.doubleclick.net%2Fpixel%3Fgoogle_nid%3Dlkqd_dbm%26google_hm%3D%24%24rawlkqduserid%7Cbase64%24%24:0
[   12557ms] [ERROR] Failed to load resource: the server responded with a status of 424 (Failed Dependency) @ https://t.adx.opera.com/pub/sync?pubid=pub10101531197440&gdpr=1&gdpr_consent=:0
[   12557ms] [ERROR] Failed to load resource: the server responded with a status of 424 (Failed Dependency) @ https://t.adx.opera.com/pub/sync?pubid=pub10101531197440&gdpr=1&gdpr_consent=:0
[   12931ms] [ERROR] Failed to load resource: the server responded with a status of 404 () @ https://id5-sync.com/k/264.gif?puid=fb67a898-3320-4df7-a400-10f4514e5362&ttl=%%TTL%%:0
[   11468ms] [ERROR] Failed to load resource: net::ERR_NAME_NOT_RESOLVED @ https://cs.lkqd.net/cs?partnerId=59&redirect=https%3A%2F%2Fcm.g.doubleclick.net%2Fpixel%3Fgoogle_nid%3Dlkqd_dbm%26google_hm%3D%24%24rawlkqduserid%7Cbase64%24%24:0
[   11681ms] [ERROR] Failed to load resource: net::ERR_NAME_NOT_RESOLVED @ https://cs.lkqd.net/cs?partnerId=59&redirect=https%3A%2F%2Fcm.g.doubleclick.net%2Fpixel%3Fgoogle_nid%3Dlkqd_dbm%26google_hm%3D%24%24rawlkqduserid%7Cbase64%24%24:0
[   11873ms] [ERROR] Failed to load resource: net::ERR_NAME_NOT_RESOLVED @ https://cs.lkqd.net/cs?partnerId=59&redirect=https%3A%2F%2Fcm.g.doubleclick.net%2Fpixel%3Fgoogle_nid%3Dlkqd_dbm%26google_hm%3D%24%24rawlkqduserid%7Cbase64%24%24:0
[   12557ms] [ERROR] Failed to load resource: the server responded with a status of 424 (Failed Dependency) @ https://t.adx.opera.com/pub/sync?pubid=pub10101531197440&gdpr=1&gdpr_consent=:0
[   13138ms] [ERROR] Failed to load resource: the server responded with a status of 404 (Not Found) @ https://b1sync.zemanta.com/usersync/ogury/?gdpr=0&gdpr_consent=&cb=https%3A%2F%2Fms-cookie-sync.presage.io%2Fuser-sync%3Foutbrain_id%3D__ZUID__:0
[   12557ms] [ERROR] Failed to load resource: the server responded with a status of 424 (Failed Dependency) @ https://t.adx.opera.com/pub/sync?pubid=pub10101531197440&gdpr=1&gdpr_consent=:0
[   12557ms] [ERROR] Failed to load resource: the server responded with a status of 424 (Failed Dependency) @ https://t.adx.opera.com/pub/sync?pubid=pub10101531197440&gdpr=1&gdpr_consent=:0
[   12557ms] [ERROR] Failed to load resource: the server responded with a status of 424 (Failed Dependency) @ https://t.adx.opera.com/pub/sync?pubid=pub10101531197440&gdpr=1&gdpr_consent=:0
[   13644ms] [ERROR] Failed to load resource: the server responded with a status of 403 () @ https://elb.the-ozone-project.com/usersync-api/v1/getuid?&gdpr=0&gdpr_consent=[USER_CONSENT]&redirect=https%3A%2F%2Feu-u.openx.net%2Fw%2F1.0%2Fsd%3Fid%3D564903529%26val%3D%7B%7Buid%7D%7D:0
[   13767ms] [ERROR] Failed to load resource: net::ERR_NAME_NOT_RESOLVED @ https://px.owneriq.net/eox:0
[   12557ms] [ERROR] Failed to load resource: the server responded with a status of 424 (Failed Dependency) @ https://t.adx.opera.com/pub/sync?pubid=pub10101531197440&gdpr=1&gdpr_consent=:0
[   12557ms] [ERROR] Failed to load resource: the server responded with a status of 424 (Failed Dependency) @ https://t.adx.opera.com/pub/sync?pubid=pub10101531197440&gdpr=1&gdpr_consent=:0
[   13848ms] [LOG] URIError: URI malformed
    at decodeURIComponent (<anonymous>)
    at truste.ca.initParameterMap (https://choices.truste.com/ca?pid=comcast01&aid=comcast01&cid=%ebuy_6522286_434572637_244435411&js=st_0:19:106)
    at truste.ca2.initialize (https://choices.truste.com/ca?pid=comcast01&aid=comcast01&cid=%ebuy_6522286_434572637_244435411&js=st_0:29:11)
    at https://choices.truste.com/ca?pid=comcast01&aid=comcast01&cid=%ebuy_6522286_434572637_244435411&js=st_0:36:182 @ https://choices.truste.com/ca?pid=comcast01&aid=comcast01&cid=%ebuy_6522286_434572637_244435411&js=st_0:19
[   13848ms] [LOG] URIError: URI malformed
    at decodeURIComponent (<anonymous>)
    at truste.ca.initParameterMap (https://choices.truste.com/ca?pid=comcast01&aid=comcast01&cid=%ebuy_6522286_434573366_244434524&js=st_0:19:106)
    at truste.ca2.initialize (https://choices.truste.com/ca?pid=comcast01&aid=comcast01&cid=%ebuy_6522286_434573366_244434524&js=st_0:29:11)
    at https://choices.truste.com/ca?pid=comcast01&aid=comcast01&cid=%ebuy_6522286_434573366_244434524&js=st_0:36:182 @ https://choices.truste.com/ca?pid=comcast01&aid=comcast01&cid=%ebuy_6522286_434573366_244434524&js=st_0:19
[   13849ms] [LOG] URIError: URI malformed
    at decodeURIComponent (<anonymous>)
    at truste.ca.initParameterMap (https://choices.truste.com/ca?pid=comcast01&aid=comcast01&cid=%ebuy_6522286_434572637_244435411&js=st_0:19:106)
    at truste.ca2.initialize (https://choices.truste.com/ca?pid=comcast01&aid=comcast01&cid=%ebuy_6522286_434572637_244435411&js=st_0:29:11)
    at https://choices.truste.com/ca?pid=comcast01&aid=comcast01&cid=%ebuy_6522286_434572637_244435411&js=st_0:36:182
    at fn (https://cadmus.script.ac/d332edxzlhlivo/script.js:1:99736) @ https://cadmus.script.ac/d332edxzlhlivo/script.js:0
[   13852ms] [LOG] URIError: URI malformed
    at decodeURIComponent (<anonymous>)
    at truste.ca.initParameterMap (https://choices.truste.com/ca?pid=comcast01&aid=comcast01&cid=%ebuy_6522286_434375908_244434524&js=st_0:19:106)
    at truste.ca2.initialize (https://choices.truste.com/ca?pid=comcast01&aid=comcast01&cid=%ebuy_6522286_434375908_244434524&js=st_0:29:11)
    at https://choices.truste.com/ca?pid=comcast01&aid=comcast01&cid=%ebuy_6522286_434375908_244434524&js=st_0:36:182 @ https://choices.truste.com/ca?pid=comcast01&aid=comcast01&cid=%ebuy_6522286_434375908_244434524&js=st_0:19
[   13961ms] [ERROR] Failed to load resource: the server responded with a status of 424 (Failed Dependency) @ https://t.adx.opera.com/pub/sync?pubid=pub10101531197440&gdpr=1&gdpr_consent=:0
[   13994ms] [ERROR] Failed to load resource: net::ERR_NAME_NOT_RESOLVED @ https://cs.iqzone.com/570908b7e92df631fee32098aa272f7b.gif?puid=MSsg%2BGqbRfom23xxXz5VSw%3D%3D&gdpr=&gdpr_consent=&ccpa=&coppa=&redir=https%3A%2F%2Fssc-cms.33across.com%2Fps%2F%3Fxi%3D145%26ts%3D1788560891278.6%26us_privacy%3D%26xu%3D%5BUID%5D%26gpp_sid%3D%26gpp%3D:0
[   13994ms] [ERROR] Failed to load resource: net::ERR_NAME_NOT_RESOLVED @ https://cs.iqzone.com/570908b7e92df631fee32098aa272f7b.gif?puid=ZqrLkWqbRfruO0BjX0clmw%3D%3D&gdpr=&gdpr_consent=&ccpa=&coppa=&redir=https%3A%2F%2Fssc-cms.33across.com%2Fps%2F%3Fxi%3D145%26ts%3D1788560891166.6%26us_privacy%3D%26xu%3D%5BUID%5D%26gpp_sid%3D%26gpp%3D:0
[   13995ms] [ERROR] Failed to load resource: net::ERR_NAME_NOT_RESOLVED @ https://cs.iqzone.com/570908b7e92df631fee32098aa272f7b.gif?puid=ZqrLkWqbRfruO0BjX0clmw%3D%3D&gdpr=&gdpr_consent=&ccpa=&coppa=&redir=https%3A%2F%2Fssc-cms.33across.com%2Fps%2F%3Fxi%3D145%26ts%3D1788560891158.6%26us_privacy%3D%26xu%3D%5BUID%5D%26gpp_sid%3D%26gpp%3D:0
[   13995ms] [ERROR] Failed to load resource: net::ERR_NAME_NOT_RESOLVED @ https://cs.iqzone.com/570908b7e92df631fee32098aa272f7b.gif?puid=6Sde5GqbRfsgPA4xX03y4A%3D%3D&gdpr=&gdpr_consent=&ccpa=&coppa=&redir=https%3A%2F%2Fssc-cms.33across.com%2Fps%2F%3Fxi%3D145%26ts%3D1788560891362.6%26us_privacy%3D%26xu%3D%5BUID%5D%26gpp_sid%3D%26gpp%3D:0
[   14039ms] [ERROR] Failed to load resource: net::ERR_CERT_COMMON_NAME_INVALID @ https://cs.openwebmedia.org/cs?aid=40017&id=RX-edaf39de-7f03-4f31-9880-779c30adbdf3-005:0
[   14075ms] [ERROR] Failed to load resource: net::ERR_NAME_NOT_RESOLVED @ https://cs.iqzone.com/570908b7e92df631fee32098aa272f7b.gif?puid=ZqrLkWqbRfruO0BjX0clmw%3D%3D&gdpr=&gdpr_consent=&ccpa=&coppa=&redir=https%3A%2F%2Fssc-cms.33across.com%2Fps%2F%3Fxi%3D145%26ts%3D1788560891166.6%26us_privacy%3D%26xu%3D%5BUID%5D%26gpp_sid%3D%26gpp%3D:0
[   12557ms] [ERROR] Failed to load resource: the server responded with a status of 424 (Failed Dependency) @ https://t.adx.opera.com/pub/sync?pubid=pub10101531197440&gdpr=1&gdpr_consent=:0
[   13961ms] [ERROR] Failed to load resource: the server responded with a status of 424 (Failed Dependency) @ https://t.adx.opera.com/pub/sync?pubid=pub10101531197440&gdpr=1&gdpr_consent=:0
[   12557ms] [ERROR] Failed to load resource: the server responded with a status of 424 (Failed Dependency) @ https://t.adx.opera.com/pub/sync?pubid=pub10101531197440&gdpr=1&gdpr_consent=:0
[   13961ms] [ERROR] Failed to load resource: the server responded with a status of 424 (Failed Dependency) @ https://t.adx.opera.com/pub/sync?pubid=pub10101531197440&gdpr=1&gdpr_consent=:0
[   13994ms] [ERROR] Failed to load resource: net::ERR_NAME_NOT_RESOLVED @ https://cs.iqzone.com/570908b7e92df631fee32098aa272f7b.gif?puid=MSsg%2BGqbRfom23xxXz5VSw%3D%3D&gdpr=&gdpr_consent=&ccpa=&coppa=&redir=https%3A%2F%2Fssc-cms.33across.com%2Fps%2F%3Fxi%3D145%26ts%3D1788560891278.6%26us_privacy%3D%26xu%3D%5BUID%5D%26gpp_sid%3D%26gpp%3D:0
[   13994ms] [ERROR] Failed to load resource: net::ERR_NAME_NOT_RESOLVED @ https://cs.iqzone.com/570908b7e92df631fee32098aa272f7b.gif?puid=ZqrLkWqbRfruO0BjX0clmw%3D%3D&gdpr=&gdpr_consent=&ccpa=&coppa=&redir=https%3A%2F%2Fssc-cms.33across.com%2Fps%2F%3Fxi%3D145%26ts%3D1788560891166.6%26us_privacy%3D%26xu%3D%5BUID%5D%26gpp_sid%3D%26gpp%3D:0
[   13995ms] [ERROR] Failed to load resource: net::ERR_NAME_NOT_RESOLVED @ https://cs.iqzone.com/570908b7e92df631fee32098aa272f7b.gif?puid=ZqrLkWqbRfruO0BjX0clmw%3D%3D&gdpr=&gdpr_consent=&ccpa=&coppa=&redir=https%3A%2F%2Fssc-cms.33across.com%2Fps%2F%3Fxi%3D145%26ts%3D1788560891158.6%26us_privacy%3D%26xu%3D%5BUID%5D%26gpp_sid%3D%26gpp%3D:0
[   13995ms] [ERROR] Failed to load resource: net::ERR_NAME_NOT_RESOLVED @ https://cs.iqzone.com/570908b7e92df631fee32098aa272f7b.gif?puid=6Sde5GqbRfsgPA4xX03y4A%3D%3D&gdpr=&gdpr_consent=&ccpa=&coppa=&redir=https%3A%2F%2Fssc-cms.33across.com%2Fps%2F%3Fxi%3D145%26ts%3D1788560891362.6%26us_privacy%3D%26xu%3D%5BUID%5D%26gpp_sid%3D%26gpp%3D:0
[   14075ms] [ERROR] Failed to load resource: net::ERR_NAME_NOT_RESOLVED @ https://cs.iqzone.com/570908b7e92df631fee32098aa272f7b.gif?puid=ZqrLkWqbRfruO0BjX0clmw%3D%3D&gdpr=&gdpr_consent=&ccpa=&coppa=&redir=https%3A%2F%2Fssc-cms.33across.com%2Fps%2F%3Fxi%3D145%26ts%3D1788560891166.6%26us_privacy%3D%26xu%3D%5BUID%5D%26gpp_sid%3D%26gpp%3D:0
[   13644ms] [ERROR] Failed to load resource: the server responded with a status of 403 () @ https://elb.the-ozone-project.com/usersync-api/v1/getuid?&gdpr=0&gdpr_consent=[USER_CONSENT]&redirect=https%3A%2F%2Feu-u.openx.net%2Fw%2F1.0%2Fsd%3Fid%3D564903529%26val%3D%7B%7Buid%7D%7D:0
[   13767ms] [ERROR] Failed to load resource: net::ERR_NAME_NOT_RESOLVED @ https://px.owneriq.net/eox:0
[   13138ms] [ERROR] Failed to load resource: the server responded with a status of 404 (Not Found) @ https://b1sync.zemanta.com/usersync/ogury/?gdpr=0&gdpr_consent=&cb=https%3A%2F%2Fms-cookie-sync.presage.io%2Fuser-sync%3Foutbrain_id%3D__ZUID__:0
[   12931ms] [ERROR] Failed to load resource: the server responded with a status of 404 () @ https://id5-sync.com/k/264.gif?puid=fb67a898-3320-4df7-a400-10f4514e5362&ttl=%%TTL%%:0
[   15000ms] [ERROR] Failed to initialize Shiki for Monaco: Error: Illegal theme name!
    at LAe.defineTheme (https://cdn.jsdelivr.net/npm/monaco-editor@0.55.1/min/vs/editor.api-CalNCsUg.js:462:955)
    at Object.a5e [as defineTheme] (https://cdn.jsdelivr.net/npm/monaco-editor@0.55.1/min/vs/editor.api-CalNCsUg.js:902:21823)
    at s (https://jsonlint.com/_next/static/chunks/7676.94cb8c2e3d1ea790.js:1:1201)
    at https://jsonlint.com/_next/static/chunks/app/json-minify/page-c8cd844c1ceb5917.js:1:19585
    at async f (https://jsonlint.com/_next/static/chunks/app/json-minify/page-c8cd844c1ceb5917.js:1:19676)
    at async Object.current (https://jsonlint.com/_next/static/chunks/app/json-minify/page-c8cd844c1ceb5917.js:1:20063) @ https://jsonlint.com/_next/static/chunks/app/json-minify/page-c8cd844c1ceb5917.js:0
[   15006ms] [ERROR] Failed to load resource: the server responded with a status of 404 (Not Found) @ https://b1sync.zemanta.com/usersync/ogury/?gdpr=0&gdpr_consent=[GDPR_CONSENT]&cb=https%3A%2F%2Fms-cookie-sync.presage.io%2Fuser-sync%3Foutbrain_id%3D__ZUID__:0
[   12557ms] [ERROR] Failed to load resource: the server responded with a status of 424 (Failed Dependency) @ https://t.adx.opera.com/pub/sync?pubid=pub10101531197440&gdpr=1&gdpr_consent=:0
[   13961ms] [ERROR] Failed to load resource: the server responded with a status of 424 (Failed Dependency) @ https://t.adx.opera.com/pub/sync?pubid=pub10101531197440&gdpr=1&gdpr_consent=:0
[   12557ms] [ERROR] Failed to load resource: the server responded with a status of 424 (Failed Dependency) @ https://t.adx.opera.com/pub/sync?pubid=pub10101531197440&gdpr=1&gdpr_consent=:0
[   13961ms] [ERROR] Failed to load resource: the server responded with a status of 424 (Failed Dependency) @ https://t.adx.opera.com/pub/sync?pubid=pub10101531197440&gdpr=1&gdpr_consent=:0
[   13644ms] [ERROR] Failed to load resource: the server responded with a status of 403 () @ https://elb.the-ozone-project.com/usersync-api/v1/getuid?&gdpr=0&gdpr_consent=[USER_CONSENT]&redirect=https%3A%2F%2Feu-u.openx.net%2Fw%2F1.0%2Fsd%3Fid%3D564903529%26val%3D%7B%7Buid%7D%7D:0
[   13767ms] [ERROR] Failed to load resource: net::ERR_NAME_NOT_RESOLVED @ https://px.owneriq.net/eox:0
[   13644ms] [ERROR] Failed to load resource: the server responded with a status of 403 () @ https://elb.the-ozone-project.com/usersync-api/v1/getuid?&gdpr=0&gdpr_consent=[USER_CONSENT]&redirect=https%3A%2F%2Feu-u.openx.net%2Fw%2F1.0%2Fsd%3Fid%3D564903529%26val%3D%7B%7Buid%7D%7D:0
[   13767ms] [ERROR] Failed to load resource: net::ERR_NAME_NOT_RESOLVED @ https://px.owneriq.net/eox:0
[   13994ms] [ERROR] Failed to load resource: net::ERR_NAME_NOT_RESOLVED @ https://cs.iqzone.com/570908b7e92df631fee32098aa272f7b.gif?puid=MSsg%2BGqbRfom23xxXz5VSw%3D%3D&gdpr=&gdpr_consent=&ccpa=&coppa=&redir=https%3A%2F%2Fssc-cms.33across.com%2Fps%2F%3Fxi%3D145%26ts%3D1788560891278.6%26us_privacy%3D%26xu%3D%5BUID%5D%26gpp_sid%3D%26gpp%3D:0
[   13994ms] [ERROR] Failed to load resource: net::ERR_NAME_NOT_RESOLVED @ https://cs.iqzone.com/570908b7e92df631fee32098aa272f7b.gif?puid=ZqrLkWqbRfruO0BjX0clmw%3D%3D&gdpr=&gdpr_consent=&ccpa=&coppa=&redir=https%3A%2F%2Fssc-cms.33across.com%2Fps%2F%3Fxi%3D145%26ts%3D1788560891166.6%26us_privacy%3D%26xu%3D%5BUID%5D%26gpp_sid%3D%26gpp%3D:0
[   13995ms] [ERROR] Failed to load resource: net::ERR_NAME_NOT_RESOLVED @ https://cs.iqzone.com/570908b7e92df631fee32098aa272f7b.gif?puid=ZqrLkWqbRfruO0BjX0clmw%3D%3D&gdpr=&gdpr_consent=&ccpa=&coppa=&redir=https%3A%2F%2Fssc-cms.33across.com%2Fps%2F%3Fxi%3D145%26ts%3D1788560891158.6%26us_privacy%3D%26xu%3D%5BUID%5D%26gpp_sid%3D%26gpp%3D:0
[   13995ms] [ERROR] Failed to load resource: net::ERR_NAME_NOT_RESOLVED @ https://cs.iqzone.com/570908b7e92df631fee32098aa272f7b.gif?puid=6Sde5GqbRfsgPA4xX03y4A%3D%3D&gdpr=&gdpr_consent=&ccpa=&coppa=&redir=https%3A%2F%2Fssc-cms.33across.com%2Fps%2F%3Fxi%3D145%26ts%3D1788560891362.6%26us_privacy%3D%26xu%3D%5BUID%5D%26gpp_sid%3D%26gpp%3D:0
[   14075ms] [ERROR] Failed to load resource: net::ERR_NAME_NOT_RESOLVED @ https://cs.iqzone.com/570908b7e92df631fee32098aa272f7b.gif?puid=ZqrLkWqbRfruO0BjX0clmw%3D%3D&gdpr=&gdpr_consent=&ccpa=&coppa=&redir=https%3A%2F%2Fssc-cms.33across.com%2Fps%2F%3Fxi%3D145%26ts%3D1788560891166.6%26us_privacy%3D%26xu%3D%5BUID%5D%26gpp_sid%3D%26gpp%3D:0
[   12557ms] [ERROR] Failed to load resource: the server responded with a status of 424 (Failed Dependency) @ https://t.adx.opera.com/pub/sync?pubid=pub10101531197440&gdpr=1&gdpr_consent=:0
[   13961ms] [ERROR] Failed to load resource: the server responded with a status of 424 (Failed Dependency) @ https://t.adx.opera.com/pub/sync?pubid=pub10101531197440&gdpr=1&gdpr_consent=:0
[   15723ms] [ERROR] Failed to load resource: the server responded with a status of 400 (Bad Request) @ https://sync.adkernel.com/user-sync?zone=252325&gdpr=0&gdpr_consent=[GDPR_CONSENT]&us_privacy=&t=image&r=https%3A%2F%2Fittpx.eskimi.com%2Fsync%3Fdp_id%3D52%26gdpr%3D0%26gdpr_consent%3D[GDPR_CONSENT]%26us_privacy%3D%26user_id%3D%7BUID%7D:0
[   12557ms] [ERROR] Failed to load resource: the server responded with a status of 424 (Failed Dependency) @ https://t.adx.opera.com/pub/sync?pubid=pub10101531197440&gdpr=1&gdpr_consent=:0
[   13961ms] [ERROR] Failed to load resource: the server responded with a status of 424 (Failed Dependency) @ https://t.adx.opera.com/pub/sync?pubid=pub10101531197440&gdpr=1&gdpr_consent=:0
[   12557ms] [ERROR] Failed to load resource: the server responded with a status of 424 (Failed Dependency) @ https://t.adx.opera.com/pub/sync?pubid=pub10101531197440&gdpr=1&gdpr_consent=:0
[   13961ms] [ERROR] Failed to load resource: the server responded with a status of 424 (Failed Dependency) @ https://t.adx.opera.com/pub/sync?pubid=pub10101531197440&gdpr=1&gdpr_consent=:0
[   13994ms] [ERROR] Failed to load resource: net::ERR_NAME_NOT_RESOLVED @ https://cs.iqzone.com/570908b7e92df631fee32098aa272f7b.gif?puid=MSsg%2BGqbRfom23xxXz5VSw%3D%3D&gdpr=&gdpr_consent=&ccpa=&coppa=&redir=https%3A%2F%2Fssc-cms.33across.com%2Fps%2F%3Fxi%3D145%26ts%3D1788560891278.6%26us_privacy%3D%26xu%3D%5BUID%5D%26gpp_sid%3D%26gpp%3D:0
[   13994ms] [ERROR] Failed to load resource: net::ERR_NAME_NOT_RESOLVED @ https://cs.iqzone.com/570908b7e92df631fee32098aa272f7b.gif?puid=ZqrLkWqbRfruO0BjX0clmw%3D%3D&gdpr=&gdpr_consent=&ccpa=&coppa=&redir=https%3A%2F%2Fssc-cms.33across.com%2Fps%2F%3Fxi%3D145%26ts%3D1788560891166.6%26us_privacy%3D%26xu%3D%5BUID%5D%26gpp_sid%3D%26gpp%3D:0
[   13995ms] [ERROR] Failed to load resource: net::ERR_NAME_NOT_RESOLVED @ https://cs.iqzone.com/570908b7e92df631fee32098aa272f7b.gif?puid=ZqrLkWqbRfruO0BjX0clmw%3D%3D&gdpr=&gdpr_consent=&ccpa=&coppa=&redir=https%3A%2F%2Fssc-cms.33across.com%2Fps%2F%3Fxi%3D145%26ts%3D1788560891158.6%26us_privacy%3D%26xu%3D%5BUID%5D%26gpp_sid%3D%26gpp%3D:0
[   13995ms] [ERROR] Failed to load resource: net::ERR_NAME_NOT_RESOLVED @ https://cs.iqzone.com/570908b7e92df631fee32098aa272f7b.gif?puid=6Sde5GqbRfsgPA4xX03y4A%3D%3D&gdpr=&gdpr_consent=&ccpa=&coppa=&redir=https%3A%2F%2Fssc-cms.33across.com%2Fps%2F%3Fxi%3D145%26ts%3D1788560891362.6%26us_privacy%3D%26xu%3D%5BUID%5D%26gpp_sid%3D%26gpp%3D:0
[   14075ms] [ERROR] Failed to load resource: net::ERR_NAME_NOT_RESOLVED @ https://cs.iqzone.com/570908b7e92df631fee32098aa272f7b.gif?puid=ZqrLkWqbRfruO0BjX0clmw%3D%3D&gdpr=&gdpr_consent=&ccpa=&coppa=&redir=https%3A%2F%2Fssc-cms.33across.com%2Fps%2F%3Fxi%3D145%26ts%3D1788560891166.6%26us_privacy%3D%26xu%3D%5BUID%5D%26gpp_sid%3D%26gpp%3D:0
[   15780ms] [ERROR] Failed to load resource: the server responded with a status of 400 () @ https://ssc-cms.33across.com/ps/?m=xch&rt=html&gdpr=0&gdpr_consent=[GDPR_CONSENT]&us_privacy=&ru=https%3A%2F%2Fcookies.nextmillmedia.com%2Fsetuid%3Fbidder%3D33across%26nmuid%3D%26gdpr%3D0%26gdpr_consent%3D%5BGDPR_CONSENT%5D%26us_privacy%3D%26uid%3D33XUSERID33X&id=zzz000000000002zzz:0
[   15723ms] [ERROR] Failed to load resource: the server responded with a status of 400 (Bad Request) @ https://sync.adkernel.com/user-sync?zone=252325&gdpr=0&gdpr_consent=[GDPR_CONSENT]&us_privacy=&t=image&r=https%3A%2F%2Fittpx.eskimi.com%2Fsync%3Fdp_id%3D52%26gdpr%3D0%26gdpr_consent%3D[GDPR_CONSENT]%26us_privacy%3D%26user_id%3D%7BUID%7D:0
[   16055ms] [ERROR] Failed to load resource: the server responded with a status of 404 () @ https://sync.crwdcntrl.net/qmap?c=2700&tp=UNDR&gdpr=&gdpr_consent=&tpid=1lbi9djnqt3dr21183lax2as:0
[   16152ms] [ERROR] Failed to load resource: the server responded with a status of 404 () @ https://sync.crwdcntrl.net/qmap?c=2700&tp=UNDR&gdpr=&gdpr_consent=&tpid=1lbi9djnqt3dr21183lax2as:0
[   16193ms] [ERROR] Failed to load resource: the server responded with a status of 404 () @ https://sync.crwdcntrl.net/qmap?c=2700&tp=UNDR&gdpr=&gdpr_consent=&tpid=1lbi9djnqt3dr21183lax2as:0
[   14039ms] [ERROR] Failed to load resource: net::ERR_CERT_COMMON_NAME_INVALID @ https://cs.openwebmedia.org/cs?aid=40017&id=RX-edaf39de-7f03-4f31-9880-779c30adbdf3-005:0
[   12557ms] [ERROR] Failed to load resource: the server responded with a status of 424 (Failed Dependency) @ https://t.adx.opera.com/pub/sync?pubid=pub10101531197440&gdpr=1&gdpr_consent=:0
[   13961ms] [ERROR] Failed to load resource: the server responded with a status of 424 (Failed Dependency) @ https://t.adx.opera.com/pub/sync?pubid=pub10101531197440&gdpr=1&gdpr_consent=:0
[   15723ms] [ERROR] Failed to load resource: the server responded with a status of 400 (Bad Request) @ https://sync.adkernel.com/user-sync?zone=252325&gdpr=0&gdpr_consent=[GDPR_CONSENT]&us_privacy=&t=image&r=https%3A%2F%2Fittpx.eskimi.com%2Fsync%3Fdp_id%3D52%26gdpr%3D0%26gdpr_consent%3D[GDPR_CONSENT]%26us_privacy%3D%26user_id%3D%7BUID%7D:0
[   13644ms] [ERROR] Failed to load resource: the server responded with a status of 403 () @ https://elb.the-ozone-project.com/usersync-api/v1/getuid?&gdpr=0&gdpr_consent=[USER_CONSENT]&redirect=https%3A%2F%2Feu-u.openx.net%2Fw%2F1.0%2Fsd%3Fid%3D564903529%26val%3D%7B%7Buid%7D%7D:0
[   13767ms] [ERROR] Failed to load resource: net::ERR_NAME_NOT_RESOLVED @ https://px.owneriq.net/eox:0
[   11468ms] [ERROR] Failed to load resource: net::ERR_NAME_NOT_RESOLVED @ https://cs.lkqd.net/cs?partnerId=59&redirect=https%3A%2F%2Fcm.g.doubleclick.net%2Fpixel%3Fgoogle_nid%3Dlkqd_dbm%26google_hm%3D%24%24rawlkqduserid%7Cbase64%24%24:0
[   11681ms] [ERROR] Failed to load resource: net::ERR_NAME_NOT_RESOLVED @ https://cs.lkqd.net/cs?partnerId=59&redirect=https%3A%2F%2Fcm.g.doubleclick.net%2Fpixel%3Fgoogle_nid%3Dlkqd_dbm%26google_hm%3D%24%24rawlkqduserid%7Cbase64%24%24:0
[   11873ms] [ERROR] Failed to load resource: net::ERR_NAME_NOT_RESOLVED @ https://cs.lkqd.net/cs?partnerId=59&redirect=https%3A%2F%2Fcm.g.doubleclick.net%2Fpixel%3Fgoogle_nid%3Dlkqd_dbm%26google_hm%3D%24%24rawlkqduserid%7Cbase64%24%24:0
[   15780ms] [ERROR] Failed to load resource: the server responded with a status of 400 () @ https://ssc-cms.33across.com/ps/?m=xch&rt=html&gdpr=0&gdpr_consent=[GDPR_CONSENT]&us_privacy=&ru=https%3A%2F%2Fcookies.nextmillmedia.com%2Fsetuid%3Fbidder%3D33across%26nmuid%3D%26gdpr%3D0%26gdpr_consent%3D%5BGDPR_CONSENT%5D%26us_privacy%3D%26uid%3D33XUSERID33X&id=zzz000000000002zzz:0
[   16277ms] [ERROR] Failed to load resource: the server responded with a status of 400 () @ https://ssc-cms.33across.com/ps/?m=xch&rt=html&gdpr=0&gdpr_consent=[GDPR_CONSENT]&us_privacy=&ru=https%3A%2F%2Fcookies.nextmillmedia.com%2Fsetuid%3Fbidder%3D33across%26nmuid%3D731ec583-bcf0-4ffb-a9f4-9d3c9ad42576%26gdpr%3D0%26gdpr_consent%3D%5BGDPR_CONSENT%5D%26us_privacy%3D%26uid%3D33XUSERID33X&id=zzz000000000002zzz:0
[   14039ms] [ERROR] Failed to load resource: net::ERR_CERT_COMMON_NAME_INVALID @ https://cs.openwebmedia.org/cs?aid=40017&id=RX-edaf39de-7f03-4f31-9880-779c30adbdf3-005:0
[   16296ms] [ERROR] Failed to load resource: net::ERR_NAME_NOT_RESOLVED @ https://usermatch.krxd.net/um/v2?partner=tapad:0
[   13138ms] [ERROR] Failed to load resource: the server responded with a status of 404 (Not Found) @ https://b1sync.zemanta.com/usersync/ogury/?gdpr=0&gdpr_consent=&cb=https%3A%2F%2Fms-cookie-sync.presage.io%2Fuser-sync%3Foutbrain_id%3D__ZUID__:0
[   15006ms] [ERROR] Failed to load resource: the server responded with a status of 404 (Not Found) @ https://b1sync.zemanta.com/usersync/ogury/?gdpr=0&gdpr_consent=[GDPR_CONSENT]&cb=https%3A%2F%2Fms-cookie-sync.presage.io%2Fuser-sync%3Foutbrain_id%3D__ZUID__:0
[   16328ms] [ERROR] Failed to load resource: the server responded with a status of 429 () @ https://ortb.vdo.ai/sync-iframe?sp=NextMillennium-Web-Display&uid={UID}&redir=https%3A%2F%2Fcookies.nextmillmedia.com%2Fsetuid%3Fbidder%3Dvdo_display%26nmuid%3D%26gdpr%3D0%26gdpr_consent%3D%5BGDPR_CONSENT%5D%26us_privacy%3D%26uid%3D%7Bvdo_uid%7D:0
[   16328ms] [ERROR] Failed to load resource: the server responded with a status of 429 () @ https://ortb.vdo.ai/sync-iframe?sp=NextMillennium-Web-Display&uid={UID}&redir=https%3A%2F%2Fcookies.nextmillmedia.com%2Fsetuid%3Fbidder%3Dvdo_display%26nmuid%3D%26gdpr%3D0%26gdpr_consent%3D%5BGDPR_CONSENT%5D%26us_privacy%3D%26uid%3D%7Bvdo_uid%7D:0
[   16331ms] [ERROR] Failed to load resource: the server responded with a status of 429 () @ https://ortb.vdo.ai/sync-iframe?sp=NextMillennium-Web-Video&uid={UID}&redir=https%3A%2F%2Fcookies.nextmillmedia.com%2Fsetuid%3Fbidder%3Dvdo_video%26nmuid%3D%26gdpr%3D0%26gdpr_consent%3D%5BGDPR_CONSENT%5D%26us_privacy%3D%26uid%3D%7Bvdo_uid%7D:0
[   13138ms] [ERROR] Failed to load resource: the server responded with a status of 404 (Not Found) @ https://b1sync.zemanta.com/usersync/ogury/?gdpr=0&gdpr_consent=&cb=https%3A%2F%2Fms-cookie-sync.presage.io%2Fuser-sync%3Foutbrain_id%3D__ZUID__:0
[   15006ms] [ERROR] Failed to load resource: the server responded with a status of 404 (Not Found) @ https://b1sync.zemanta.com/usersync/ogury/?gdpr=0&gdpr_consent=[GDPR_CONSENT]&cb=https%3A%2F%2Fms-cookie-sync.presage.io%2Fuser-sync%3Foutbrain_id%3D__ZUID__:0
[   13138ms] [ERROR] Failed to load resource: the server responded with a status of 404 (Not Found) @ https://b1sync.zemanta.com/usersync/ogury/?gdpr=0&gdpr_consent=&cb=https%3A%2F%2Fms-cookie-sync.presage.io%2Fuser-sync%3Foutbrain_id%3D__ZUID__:0
[   15006ms] [ERROR] Failed to load resource: the server responded with a status of 404 (Not Found) @ https://b1sync.zemanta.com/usersync/ogury/?gdpr=0&gdpr_consent=[GDPR_CONSENT]&cb=https%3A%2F%2Fms-cookie-sync.presage.io%2Fuser-sync%3Foutbrain_id%3D__ZUID__:0
[   15723ms] [ERROR] Failed to load resource: the server responded with a status of 400 (Bad Request) @ https://sync.adkernel.com/user-sync?zone=252325&gdpr=0&gdpr_consent=[GDPR_CONSENT]&us_privacy=&t=image&r=https%3A%2F%2Fittpx.eskimi.com%2Fsync%3Fdp_id%3D52%26gdpr%3D0%26gdpr_consent%3D[GDPR_CONSENT]%26us_privacy%3D%26user_id%3D%7BUID%7D:0
[   16433ms] [ERROR] Failed to load resource: net::ERR_NAME_NOT_RESOLVED @ https://cs.iqzone.com/6f0476ca45e1d6b67e3ee8d57532a022.gif?redir=https%3A%2F%2Fsync.cootlogix.com%2Fapi%2Fcookie%3FpartnerId%3Diqzone%26gdpr%3D0%26gdpr_consent%3D%5BGDPR_CONSENT%5D%26us_privacy%3D%26userId%3D%5BUID%5D&gdpr=0&gdpr_consent=%5BGDPR_CONSENT%5D&ccpa=:0
[   16577ms] [ERROR] Failed to load resource: the server responded with a status of 404 (Not Found) @ https://b1sync.zemanta.com/usersync/ogury/?gdpr=0&gdpr_consent=&cb=https%3A%2F%2Fms-cookie-sync.presage.io%2Fuser-sync%3Foutbrain_id%3D__ZUID__:0
[   12557ms] [ERROR] Failed to load resource: the server responded with a status of 424 (Failed Dependency) @ https://t.adx.opera.com/pub/sync?pubid=pub10101531197440&gdpr=1&gdpr_consent=:0
[   13961ms] [ERROR] Failed to load resource: the server responded with a status of 424 (Failed Dependency) @ https://t.adx.opera.com/pub/sync?pubid=pub10101531197440&gdpr=1&gdpr_consent=:0
[   14039ms] [ERROR] Failed to load resource: net::ERR_CERT_COMMON_NAME_INVALID @ https://cs.openwebmedia.org/cs?aid=40017&id=RX-edaf39de-7f03-4f31-9880-779c30adbdf3-005:0
[   15723ms] [ERROR] Failed to load resource: the server responded with a status of 400 (Bad Request) @ https://sync.adkernel.com/user-sync?zone=252325&gdpr=0&gdpr_consent=[GDPR_CONSENT]&us_privacy=&t=image&r=https%3A%2F%2Fittpx.eskimi.com%2Fsync%3Fdp_id%3D52%26gdpr%3D0%26gdpr_consent%3D[GDPR_CONSENT]%26us_privacy%3D%26user_id%3D%7BUID%7D:0
[   16328ms] [ERROR] Failed to load resource: the server responded with a status of 429 () @ https://ortb.vdo.ai/sync-iframe?sp=NextMillennium-Web-Display&uid={UID}&redir=https%3A%2F%2Fcookies.nextmillmedia.com%2Fsetuid%3Fbidder%3Dvdo_display%26nmuid%3D%26gdpr%3D0%26gdpr_consent%3D%5BGDPR_CONSENT%5D%26us_privacy%3D%26uid%3D%7Bvdo_uid%7D:0
[   16331ms] [ERROR] Failed to load resource: the server responded with a status of 429 () @ https://ortb.vdo.ai/sync-iframe?sp=NextMillennium-Web-Video&uid={UID}&redir=https%3A%2F%2Fcookies.nextmillmedia.com%2Fsetuid%3Fbidder%3Dvdo_video%26nmuid%3D%26gdpr%3D0%26gdpr_consent%3D%5BGDPR_CONSENT%5D%26us_privacy%3D%26uid%3D%7Bvdo_uid%7D:0
[   16614ms] [ERROR] Failed to load resource: the server responded with a status of 429 () @ https://ortb.vdo.ai/sync-iframe?sp=NextMillennium-Web-Display&uid={UID}&redir=https%3A%2F%2Fcookies.nextmillmedia.com%2Fsetuid%3Fbidder%3Dvdo_display%26nmuid%3D731ec583-bcf0-4ffb-a9f4-9d3c9ad42576%26gdpr%3D0%26gdpr_consent%3D%5BGDPR_CONSENT%5D%26us_privacy%3D%26uid%3D%7Bvdo_uid%7D:0
[   16328ms] [ERROR] Failed to load resource: the server responded with a status of 429 () @ https://ortb.vdo.ai/sync-iframe?sp=NextMillennium-Web-Display&uid={UID}&redir=https%3A%2F%2Fcookies.nextmillmedia.com%2Fsetuid%3Fbidder%3Dvdo_display%26nmuid%3D%26gdpr%3D0%26gdpr_consent%3D%5BGDPR_CONSENT%5D%26us_privacy%3D%26uid%3D%7Bvdo_uid%7D:0
[   16331ms] [ERROR] Failed to load resource: the server responded with a status of 429 () @ https://ortb.vdo.ai/sync-iframe?sp=NextMillennium-Web-Video&uid={UID}&redir=https%3A%2F%2Fcookies.nextmillmedia.com%2Fsetuid%3Fbidder%3Dvdo_video%26nmuid%3D%26gdpr%3D0%26gdpr_consent%3D%5BGDPR_CONSENT%5D%26us_privacy%3D%26uid%3D%7Bvdo_uid%7D:0
[   16614ms] [ERROR] Failed to load resource: the server responded with a status of 429 () @ https://ortb.vdo.ai/sync-iframe?sp=NextMillennium-Web-Display&uid={UID}&redir=https%3A%2F%2Fcookies.nextmillmedia.com%2Fsetuid%3Fbidder%3Dvdo_display%26nmuid%3D731ec583-bcf0-4ffb-a9f4-9d3c9ad42576%26gdpr%3D0%26gdpr_consent%3D%5BGDPR_CONSENT%5D%26us_privacy%3D%26uid%3D%7Bvdo_uid%7D:0
[   16616ms] [ERROR] Failed to load resource: the server responded with a status of 429 () @ https://ortb.vdo.ai/sync-iframe?sp=NextMillennium-Web-Video&uid={UID}&redir=https%3A%2F%2Fcookies.nextmillmedia.com%2Fsetuid%3Fbidder%3Dvdo_video%26nmuid%3D731ec583-bcf0-4ffb-a9f4-9d3c9ad42576%26gdpr%3D0%26gdpr_consent%3D%5BGDPR_CONSENT%5D%26us_privacy%3D%26uid%3D%7Bvdo_uid%7D:0
[   12557ms] [ERROR] Failed to load resource: the server responded with a status of 424 (Failed Dependency) @ https://t.adx.opera.com/pub/sync?pubid=pub10101531197440&gdpr=1&gdpr_consent=:0
[   13961ms] [ERROR] Failed to load resource: the server responded with a status of 424 (Failed Dependency) @ https://t.adx.opera.com/pub/sync?pubid=pub10101531197440&gdpr=1&gdpr_consent=:0
[   14039ms] [ERROR] Failed to load resource: net::ERR_CERT_COMMON_NAME_INVALID @ https://cs.openwebmedia.org/cs?aid=40017&id=RX-edaf39de-7f03-4f31-9880-779c30adbdf3-005:0
[   15723ms] [ERROR] Failed to load resource: the server responded with a status of 400 (Bad Request) @ https://sync.adkernel.com/user-sync?zone=252325&gdpr=0&gdpr_consent=[GDPR_CONSENT]&us_privacy=&t=image&r=https%3A%2F%2Fittpx.eskimi.com%2Fsync%3Fdp_id%3D52%26gdpr%3D0%26gdpr_consent%3D[GDPR_CONSENT]%26us_privacy%3D%26user_id%3D%7BUID%7D:0
[   16672ms] [ERROR] Failed to load resource: the server responded with a status of 404 () @ https://cs.admanmedia.com/292deb7c3c2bf25073c04bb900f3a44a.gif??gdpr=0&gdpr_consent=[GDPR_CONSENT]&us_privacy=&redir=https%3A%2F%2Fcookies.nextmillmedia.com%2Fsetuid%3Fbidder%3Dadmanmedia%26nmuid%3D%26gdpr%3D0%26gdpr_consent%3D%5BGDPR_CONSENT%5D%26us_privacy%3D%26uid%3D%5BUID%5D:0
[   14039ms] [ERROR] Failed to load resource: net::ERR_CERT_COMMON_NAME_INVALID @ https://cs.openwebmedia.org/cs?aid=40017&id=RX-edaf39de-7f03-4f31-9880-779c30adbdf3-005:0
[   15723ms] [ERROR] Failed to load resource: the server responded with a status of 400 (Bad Request) @ https://sync.adkernel.com/user-sync?zone=252325&gdpr=0&gdpr_consent=[GDPR_CONSENT]&us_privacy=&t=image&r=https%3A%2F%2Fittpx.eskimi.com%2Fsync%3Fdp_id%3D52%26gdpr%3D0%26gdpr_consent%3D[GDPR_CONSENT]%26us_privacy%3D%26user_id%3D%7BUID%7D:0
[   16710ms] [ERROR] Failed to load resource: the server responded with a status of 400 () @ https://eb2.3lift.com/getuid?gdpr=0&gdpr_consent=&redir=https%3A%2F%2Fvisitor.us-west1.gcp.omnitagjs.com%2Fvisitor%2Fsync%3Fgdpr%3D0%26gdpr_consent%3D%26is_cookie_sync_uid%3D1%26name%3DTRIPLELIFT_cookie_sync%26ttl%3D720%26uid%3D771bebe2d6221e9ca65e16ebf8d2f6f3%26visitor%3D%24UID:0
[   16714ms] [ERROR] Failed to load resource: the server responded with a status of 400 () @ https://s.ad.smaato.net/c/?adExInit=1100060427&coppa=&gdpr=0&gdpr_consent=&gpp=&gpp_sid=&redir=https%3A%2F%2Fvisitor.us-west1.gcp.omnitagjs.com%2Fvisitor%2Fsync%3Fgdpr%3D0%26gdpr_consent%3D%26is_cookie_sync_uid%3D1%26name%3DVERVE_cookie_sync%26ttl%3D720%26uid%3D3d32cc9796b1314c86176074dd8f12bb%26usp%3D1---%26visitor%3D%24UID&usp=1---:0
[   16757ms] [ERROR] Failed to load resource: the server responded with a status of 400 (Bad Request) @ https://sync.adkernel.com/user-sync?zone=252325&gdpr=0&gdpr_consent=[GDPR_CONSENT]&us_privacy=&t=image&r=https%3A%2F%2Fittpx.eskimi.com%2Fsync%3Fdp_id%3D52%26gdpr%3D0%26gdpr_consent%3D[GDPR_CONSENT]%26us_privacy%3D%26user_id%3D%7BUID%7D:0
[   14039ms] [ERROR] Failed to load resource: net::ERR_CERT_COMMON_NAME_INVALID @ https://cs.openwebmedia.org/cs?aid=40017&id=RX-edaf39de-7f03-4f31-9880-779c30adbdf3-005:0
[   13138ms] [ERROR] Failed to load resource: the server responded with a status of 404 (Not Found) @ https://b1sync.zemanta.com/usersync/ogury/?gdpr=0&gdpr_consent=&cb=https%3A%2F%2Fms-cookie-sync.presage.io%2Fuser-sync%3Foutbrain_id%3D__ZUID__:0
[   15006ms] [ERROR] Failed to load resource: the server responded with a status of 404 (Not Found) @ https://b1sync.zemanta.com/usersync/ogury/?gdpr=0&gdpr_consent=[GDPR_CONSENT]&cb=https%3A%2F%2Fms-cookie-sync.presage.io%2Fuser-sync%3Foutbrain_id%3D__ZUID__:0
[   16577ms] [ERROR] Failed to load resource: the server responded with a status of 404 (Not Found) @ https://b1sync.zemanta.com/usersync/ogury/?gdpr=0&gdpr_consent=&cb=https%3A%2F%2Fms-cookie-sync.presage.io%2Fuser-sync%3Foutbrain_id%3D__ZUID__:0
[   14039ms] [ERROR] Failed to load resource: net::ERR_CERT_COMMON_NAME_INVALID @ https://cs.openwebmedia.org/cs?aid=40017&id=RX-edaf39de-7f03-4f31-9880-779c30adbdf3-005:0
[   14039ms] [ERROR] Failed to load resource: net::ERR_CERT_COMMON_NAME_INVALID @ https://cs.openwebmedia.org/cs?aid=40017&id=RX-edaf39de-7f03-4f31-9880-779c30adbdf3-005:0
[   14039ms] [ERROR] Failed to load resource: net::ERR_CERT_COMMON_NAME_INVALID @ https://cs.openwebmedia.org/cs?aid=40017&id=RX-edaf39de-7f03-4f31-9880-779c30adbdf3-005:0
[   15723ms] [ERROR] Failed to load resource: the server responded with a status of 400 (Bad Request) @ https://sync.adkernel.com/user-sync?zone=252325&gdpr=0&gdpr_consent=[GDPR_CONSENT]&us_privacy=&t=image&r=https%3A%2F%2Fittpx.eskimi.com%2Fsync%3Fdp_id%3D52%26gdpr%3D0%26gdpr_consent%3D[GDPR_CONSENT]%26us_privacy%3D%26user_id%3D%7BUID%7D:0
[   16757ms] [ERROR] Failed to load resource: the server responded with a status of 400 (Bad Request) @ https://sync.adkernel.com/user-sync?zone=252325&gdpr=0&gdpr_consent=[GDPR_CONSENT]&us_privacy=&t=image&r=https%3A%2F%2Fittpx.eskimi.com%2Fsync%3Fdp_id%3D52%26gdpr%3D0%26gdpr_consent%3D[GDPR_CONSENT]%26us_privacy%3D%26user_id%3D%7BUID%7D:0
[   16930ms] [ERROR] Failed to load resource: the server responded with a status of 400 (Bad Request) @ https://sync.adkernel.com/user-sync?zone=252325&gdpr=0&gdpr_consent=[GDPR_CONSENT]&us_privacy=&t=image&r=https%3A%2F%2Fittpx.eskimi.com%2Fsync%3Fdp_id%3D52%26gdpr%3D0%26gdpr_consent%3D[GDPR_CONSENT]%26us_privacy%3D%26user_id%3D%7BUID%7D:0
[   12931ms] [ERROR] Failed to load resource: the server responded with a status of 404 () @ https://id5-sync.com/k/264.gif?puid=fb67a898-3320-4df7-a400-10f4514e5362&ttl=%%TTL%%:0
[   12557ms] [ERROR] Failed to load resource: the server responded with a status of 424 (Failed Dependency) @ https://t.adx.opera.com/pub/sync?pubid=pub10101531197440&gdpr=1&gdpr_consent=:0
[   13961ms] [ERROR] Failed to load resource: the server responded with a status of 424 (Failed Dependency) @ https://t.adx.opera.com/pub/sync?pubid=pub10101531197440&gdpr=1&gdpr_consent=:0
[   13138ms] [ERROR] Failed to load resource: the server responded with a status of 404 (Not Found) @ https://b1sync.zemanta.com/usersync/ogury/?gdpr=0&gdpr_consent=&cb=https%3A%2F%2Fms-cookie-sync.presage.io%2Fuser-sync%3Foutbrain_id%3D__ZUID__:0
[   15006ms] [ERROR] Failed to load resource: the server responded with a status of 404 (Not Found) @ https://b1sync.zemanta.com/usersync/ogury/?gdpr=0&gdpr_consent=[GDPR_CONSENT]&cb=https%3A%2F%2Fms-cookie-sync.presage.io%2Fuser-sync%3Foutbrain_id%3D__ZUID__:0
[   16577ms] [ERROR] Failed to load resource: the server responded with a status of 404 (Not Found) @ https://b1sync.zemanta.com/usersync/ogury/?gdpr=0&gdpr_consent=&cb=https%3A%2F%2Fms-cookie-sync.presage.io%2Fuser-sync%3Foutbrain_id%3D__ZUID__:0
[   15723ms] [ERROR] Failed to load resource: the server responded with a status of 400 (Bad Request) @ https://sync.adkernel.com/user-sync?zone=252325&gdpr=0&gdpr_consent=[GDPR_CONSENT]&us_privacy=&t=image&r=https%3A%2F%2Fittpx.eskimi.com%2Fsync%3Fdp_id%3D52%26gdpr%3D0%26gdpr_consent%3D[GDPR_CONSENT]%26us_privacy%3D%26user_id%3D%7BUID%7D:0
[   16757ms] [ERROR] Failed to load resource: the server responded with a status of 400 (Bad Request) @ https://sync.adkernel.com/user-sync?zone=252325&gdpr=0&gdpr_consent=[GDPR_CONSENT]&us_privacy=&t=image&r=https%3A%2F%2Fittpx.eskimi.com%2Fsync%3Fdp_id%3D52%26gdpr%3D0%26gdpr_consent%3D[GDPR_CONSENT]%26us_privacy%3D%26user_id%3D%7BUID%7D:0
[   16930ms] [ERROR] Failed to load resource: the server responded with a status of 400 (Bad Request) @ https://sync.adkernel.com/user-sync?zone=252325&gdpr=0&gdpr_consent=[GDPR_CONSENT]&us_privacy=&t=image&r=https%3A%2F%2Fittpx.eskimi.com%2Fsync%3Fdp_id%3D52%26gdpr%3D0%26gdpr_consent%3D[GDPR_CONSENT]%26us_privacy%3D%26user_id%3D%7BUID%7D:0
[   15723ms] [ERROR] Failed to load resource: the server responded with a status of 400 (Bad Request) @ https://sync.adkernel.com/user-sync?zone=252325&gdpr=0&gdpr_consent=[GDPR_CONSENT]&us_privacy=&t=image&r=https%3A%2F%2Fittpx.eskimi.com%2Fsync%3Fdp_id%3D52%26gdpr%3D0%26gdpr_consent%3D[GDPR_CONSENT]%26us_privacy%3D%26user_id%3D%7BUID%7D:0
[   16757ms] [ERROR] Failed to load resource: the server responded with a status of 400 (Bad Request) @ https://sync.adkernel.com/user-sync?zone=252325&gdpr=0&gdpr_consent=[GDPR_CONSENT]&us_privacy=&t=image&r=https%3A%2F%2Fittpx.eskimi.com%2Fsync%3Fdp_id%3D52%26gdpr%3D0%26gdpr_consent%3D[GDPR_CONSENT]%26us_privacy%3D%26user_id%3D%7BUID%7D:0
[   16930ms] [ERROR] Failed to load resource: the server responded with a status of 400 (Bad Request) @ https://sync.adkernel.com/user-sync?zone=252325&gdpr=0&gdpr_consent=[GDPR_CONSENT]&us_privacy=&t=image&r=https%3A%2F%2Fittpx.eskimi.com%2Fsync%3Fdp_id%3D52%26gdpr%3D0%26gdpr_consent%3D[GDPR_CONSENT]%26us_privacy%3D%26user_id%3D%7BUID%7D:0
[   13994ms] [ERROR] Failed to load resource: net::ERR_NAME_NOT_RESOLVED @ https://cs.iqzone.com/570908b7e92df631fee32098aa272f7b.gif?puid=MSsg%2BGqbRfom23xxXz5VSw%3D%3D&gdpr=&gdpr_consent=&ccpa=&coppa=&redir=https%3A%2F%2Fssc-cms.33across.com%2Fps%2F%3Fxi%3D145%26ts%3D1788560891278.6%26us_privacy%3D%26xu%3D%5BUID%5D%26gpp_sid%3D%26gpp%3D:0
[   13994ms] [ERROR] Failed to load resource: net::ERR_NAME_NOT_RESOLVED @ https://cs.iqzone.com/570908b7e92df631fee32098aa272f7b.gif?puid=ZqrLkWqbRfruO0BjX0clmw%3D%3D&gdpr=&gdpr_consent=&ccpa=&coppa=&redir=https%3A%2F%2Fssc-cms.33across.com%2Fps%2F%3Fxi%3D145%26ts%3D1788560891166.6%26us_privacy%3D%26xu%3D%5BUID%5D%26gpp_sid%3D%26gpp%3D:0
[   13995ms] [ERROR] Failed to load resource: net::ERR_NAME_NOT_RESOLVED @ https://cs.iqzone.com/570908b7e92df631fee32098aa272f7b.gif?puid=ZqrLkWqbRfruO0BjX0clmw%3D%3D&gdpr=&gdpr_consent=&ccpa=&coppa=&redir=https%3A%2F%2Fssc-cms.33across.com%2Fps%2F%3Fxi%3D145%26ts%3D1788560891158.6%26us_privacy%3D%26xu%3D%5BUID%5D%26gpp_sid%3D%26gpp%3D:0
[   13995ms] [ERROR] Failed to load resource: net::ERR_NAME_NOT_RESOLVED @ https://cs.iqzone.com/570908b7e92df631fee32098aa272f7b.gif?puid=6Sde5GqbRfsgPA4xX03y4A%3D%3D&gdpr=&gdpr_consent=&ccpa=&coppa=&redir=https%3A%2F%2Fssc-cms.33across.com%2Fps%2F%3Fxi%3D145%26ts%3D1788560891362.6%26us_privacy%3D%26xu%3D%5BUID%5D%26gpp_sid%3D%26gpp%3D:0
[   14075ms] [ERROR] Failed to load resource: net::ERR_NAME_NOT_RESOLVED @ https://cs.iqzone.com/570908b7e92df631fee32098aa272f7b.gif?puid=ZqrLkWqbRfruO0BjX0clmw%3D%3D&gdpr=&gdpr_consent=&ccpa=&coppa=&redir=https%3A%2F%2Fssc-cms.33across.com%2Fps%2F%3Fxi%3D145%26ts%3D1788560891166.6%26us_privacy%3D%26xu%3D%5BUID%5D%26gpp_sid%3D%26gpp%3D:0
[   16296ms] [ERROR] Failed to load resource: net::ERR_NAME_NOT_RESOLVED @ https://usermatch.krxd.net/um/v2?partner=tapad:0
[   16672ms] [ERROR] Failed to load resource: the server responded with a status of 404 () @ https://cs.admanmedia.com/292deb7c3c2bf25073c04bb900f3a44a.gif??gdpr=0&gdpr_consent=[GDPR_CONSENT]&us_privacy=&redir=https%3A%2F%2Fcookies.nextmillmedia.com%2Fsetuid%3Fbidder%3Dadmanmedia%26nmuid%3D%26gdpr%3D0%26gdpr_consent%3D%5BGDPR_CONSENT%5D%26us_privacy%3D%26uid%3D%5BUID%5D:0
[   17080ms] [ERROR] Failed to load resource: the server responded with a status of 404 () @ https://cs.admanmedia.com/292deb7c3c2bf25073c04bb900f3a44a.gif??gdpr=0&gdpr_consent=[GDPR_CONSENT]&us_privacy=&redir=https%3A%2F%2Fcookies.nextmillmedia.com%2Fsetuid%3Fbidder%3Dadmanmedia%26nmuid%3D731ec583-bcf0-4ffb-a9f4-9d3c9ad42576%26gdpr%3D0%26gdpr_consent%3D%5BGDPR_CONSENT%5D%26us_privacy%3D%26uid%3D%5BUID%5D:0
[   16433ms] [ERROR] Failed to load resource: net::ERR_NAME_NOT_RESOLVED @ https://cs.iqzone.com/6f0476ca45e1d6b67e3ee8d57532a022.gif?redir=https%3A%2F%2Fsync.cootlogix.com%2Fapi%2Fcookie%3FpartnerId%3Diqzone%26gdpr%3D0%26gdpr_consent%3D%5BGDPR_CONSENT%5D%26us_privacy%3D%26userId%3D%5BUID%5D&gdpr=0&gdpr_consent=%5BGDPR_CONSENT%5D&ccpa=:0
[   16433ms] [ERROR] Failed to load resource: net::ERR_NAME_NOT_RESOLVED @ https://cs.iqzone.com/6f0476ca45e1d6b67e3ee8d57532a022.gif?redir=https%3A%2F%2Fsync.cootlogix.com%2Fapi%2Fcookie%3FpartnerId%3Diqzone%26gdpr%3D0%26gdpr_consent%3D%5BGDPR_CONSENT%5D%26us_privacy%3D%26userId%3D%5BUID%5D&gdpr=0&gdpr_consent=%5BGDPR_CONSENT%5D&ccpa=:0
[   12931ms] [ERROR] Failed to load resource: the server responded with a status of 404 () @ https://id5-sync.com/k/264.gif?puid=fb67a898-3320-4df7-a400-10f4514e5362&ttl=%%TTL%%:0
[   17216ms] [ERROR] Failed to load resource: the server responded with a status of 404 (Not Found) @ https://b1sync.zemanta.com/usersync/ogury/?gdpr=0&gdpr_consent=&cb=https%3A%2F%2Fms-cookie-sync.presage.io%2Fuser-sync%3Foutbrain_id%3D__ZUID__:0
[   16433ms] [ERROR] Failed to load resource: net::ERR_NAME_NOT_RESOLVED @ https://cs.iqzone.com/6f0476ca45e1d6b67e3ee8d57532a022.gif?redir=https%3A%2F%2Fsync.cootlogix.com%2Fapi%2Fcookie%3FpartnerId%3Diqzone%26gdpr%3D0%26gdpr_consent%3D%5BGDPR_CONSENT%5D%26us_privacy%3D%26userId%3D%5BUID%5D&gdpr=0&gdpr_consent=%5BGDPR_CONSENT%5D&ccpa=:0
[   12557ms] [ERROR] Failed to load resource: the server responded with a status of 424 (Failed Dependency) @ https://t.adx.opera.com/pub/sync?pubid=pub10101531197440&gdpr=1&gdpr_consent=:0
[   13961ms] [ERROR] Failed to load resource: the server responded with a status of 424 (Failed Dependency) @ https://t.adx.opera.com/pub/sync?pubid=pub10101531197440&gdpr=1&gdpr_consent=:0
[   15723ms] [ERROR] Failed to load resource: the server responded with a status of 400 (Bad Request) @ https://sync.adkernel.com/user-sync?zone=252325&gdpr=0&gdpr_consent=[GDPR_CONSENT]&us_privacy=&t=image&r=https%3A%2F%2Fittpx.eskimi.com%2Fsync%3Fdp_id%3D52%26gdpr%3D0%26gdpr_consent%3D[GDPR_CONSENT]%26us_privacy%3D%26user_id%3D%7BUID%7D:0
[   16757ms] [ERROR] Failed to load resource: the server responded with a status of 400 (Bad Request) @ https://sync.adkernel.com/user-sync?zone=252325&gdpr=0&gdpr_consent=[GDPR_CONSENT]&us_privacy=&t=image&r=https%3A%2F%2Fittpx.eskimi.com%2Fsync%3Fdp_id%3D52%26gdpr%3D0%26gdpr_consent%3D[GDPR_CONSENT]%26us_privacy%3D%26user_id%3D%7BUID%7D:0
[   16930ms] [ERROR] Failed to load resource: the server responded with a status of 400 (Bad Request) @ https://sync.adkernel.com/user-sync?zone=252325&gdpr=0&gdpr_consent=[GDPR_CONSENT]&us_privacy=&t=image&r=https%3A%2F%2Fittpx.eskimi.com%2Fsync%3Fdp_id%3D52%26gdpr%3D0%26gdpr_consent%3D[GDPR_CONSENT]%26us_privacy%3D%26user_id%3D%7BUID%7D:0
[   13994ms] [ERROR] Failed to load resource: net::ERR_NAME_NOT_RESOLVED @ https://cs.iqzone.com/570908b7e92df631fee32098aa272f7b.gif?puid=MSsg%2BGqbRfom23xxXz5VSw%3D%3D&gdpr=&gdpr_consent=&ccpa=&coppa=&redir=https%3A%2F%2Fssc-cms.33across.com%2Fps%2F%3Fxi%3D145%26ts%3D1788560891278.6%26us_privacy%3D%26xu%3D%5BUID%5D%26gpp_sid%3D%26gpp%3D:0
[   13994ms] [ERROR] Failed to load resource: net::ERR_NAME_NOT_RESOLVED @ https://cs.iqzone.com/570908b7e92df631fee32098aa272f7b.gif?puid=ZqrLkWqbRfruO0BjX0clmw%3D%3D&gdpr=&gdpr_consent=&ccpa=&coppa=&redir=https%3A%2F%2Fssc-cms.33across.com%2Fps%2F%3Fxi%3D145%26ts%3D1788560891166.6%26us_privacy%3D%26xu%3D%5BUID%5D%26gpp_sid%3D%26gpp%3D:0
[   13995ms] [ERROR] Failed to load resource: net::ERR_NAME_NOT_RESOLVED @ https://cs.iqzone.com/570908b7e92df631fee32098aa272f7b.gif?puid=ZqrLkWqbRfruO0BjX0clmw%3D%3D&gdpr=&gdpr_consent=&ccpa=&coppa=&redir=https%3A%2F%2Fssc-cms.33across.com%2Fps%2F%3Fxi%3D145%26ts%3D1788560891158.6%26us_privacy%3D%26xu%3D%5BUID%5D%26gpp_sid%3D%26gpp%3D:0
[   13995ms] [ERROR] Failed to load resource: net::ERR_NAME_NOT_RESOLVED @ https://cs.iqzone.com/570908b7e92df631fee32098aa272f7b.gif?puid=6Sde5GqbRfsgPA4xX03y4A%3D%3D&gdpr=&gdpr_consent=&ccpa=&coppa=&redir=https%3A%2F%2Fssc-cms.33across.com%2Fps%2F%3Fxi%3D145%26ts%3D1788560891362.6%26us_privacy%3D%26xu%3D%5BUID%5D%26gpp_sid%3D%26gpp%3D:0
[   14075ms] [ERROR] Failed to load resource: net::ERR_NAME_NOT_RESOLVED @ https://cs.iqzone.com/570908b7e92df631fee32098aa272f7b.gif?puid=ZqrLkWqbRfruO0BjX0clmw%3D%3D&gdpr=&gdpr_consent=&ccpa=&coppa=&redir=https%3A%2F%2Fssc-cms.33across.com%2Fps%2F%3Fxi%3D145%26ts%3D1788560891166.6%26us_privacy%3D%26xu%3D%5BUID%5D%26gpp_sid%3D%26gpp%3D:0
[   16296ms] [ERROR] Failed to load resource: net::ERR_NAME_NOT_RESOLVED @ https://usermatch.krxd.net/um/v2?partner=tapad:0
[   17320ms] [ERROR] Failed to load resource: the server responded with a status of 404 (Not Found) @ https://b1sync.zemanta.com/usersync/ogury/?gdpr=0&gdpr_consent=&cb=https%3A%2F%2Fms-cookie-sync.presage.io%2Fuser-sync%3Foutbrain_id%3D__ZUID__:0
[   17326ms] [ERROR] Failed to load resource: net::ERR_NAME_NOT_RESOLVED @ https://cs.iqzone.com/6f0476ca45e1d6b67e3ee8d57532a022.gif?redir=https%3A%2F%2Fsync.cootlogix.com%2Fapi%2Fcookie%3FpartnerId%3Diqzone%26gdpr%3D%26gdpr_consent%3D%26us_privacy%3D%26userId%3D%5BUID%5D&gdpr=&gdpr_consent=&ccpa=:0
[   12931ms] [ERROR] Failed to load resource: the server responded with a status of 404 () @ https://id5-sync.com/k/264.gif?puid=fb67a898-3320-4df7-a400-10f4514e5362&ttl=%%TTL%%:0
[   12557ms] [ERROR] Failed to load resource: the server responded with a status of 424 (Failed Dependency) @ https://t.adx.opera.com/pub/sync?pubid=pub10101531197440&gdpr=1&gdpr_consent=:0
[   13961ms] [ERROR] Failed to load resource: the server responded with a status of 424 (Failed Dependency) @ https://t.adx.opera.com/pub/sync?pubid=pub10101531197440&gdpr=1&gdpr_consent=:0
[   17408ms] [ERROR] Access to fetch at 'https://mp.4dex.io/prebid?orgid=1116&gzip=1' from origin 'https://jsonlint.com' has been blocked by CORS policy: No 'Access-Control-Allow-Origin' header is present on the requested resource. @ https://jsonlint.com/json-formatter:0
[   17408ms] [ERROR] Failed to load resource: net::ERR_FAILED @ https://mp.4dex.io/prebid?orgid=1116&gzip=1:0
[   17461ms] [ERROR] Failed to load resource: the server responded with a status of 424 (Failed Dependency) @ https://t.adx.opera.com/pub/sync?pubid=pub10101531197440&gdpr=1&gdpr_consent=:0
[   17477ms] [ERROR] Failed to load resource: net::ERR_NAME_NOT_RESOLVED @ https://cs.iqzone.com/6f0476ca45e1d6b67e3ee8d57532a022.gif?redir=https%3A%2F%2Fsync.cootlogix.com%2Fapi%2Fcookie%3FpartnerId%3Diqzone%26gdpr%3D%26gdpr_consent%3D%26us_privacy%3D%26userId%3D%5BUID%5D&gdpr=&gdpr_consent=&ccpa=:0
[   15723ms] [ERROR] Failed to load resource: the server responded with a status of 400 (Bad Request) @ https://sync.adkernel.com/user-sync?zone=252325&gdpr=0&gdpr_consent=[GDPR_CONSENT]&us_privacy=&t=image&r=https%3A%2F%2Fittpx.eskimi.com%2Fsync%3Fdp_id%3D52%26gdpr%3D0%26gdpr_consent%3D[GDPR_CONSENT]%26us_privacy%3D%26user_id%3D%7BUID%7D:0
[   16757ms] [ERROR] Failed to load resource: the server responded with a status of 400 (Bad Request) @ https://sync.adkernel.com/user-sync?zone=252325&gdpr=0&gdpr_consent=[GDPR_CONSENT]&us_privacy=&t=image&r=https%3A%2F%2Fittpx.eskimi.com%2Fsync%3Fdp_id%3D52%26gdpr%3D0%26gdpr_consent%3D[GDPR_CONSENT]%26us_privacy%3D%26user_id%3D%7BUID%7D:0
[   16930ms] [ERROR] Failed to load resource: the server responded with a status of 400 (Bad Request) @ https://sync.adkernel.com/user-sync?zone=252325&gdpr=0&gdpr_consent=[GDPR_CONSENT]&us_privacy=&t=image&r=https%3A%2F%2Fittpx.eskimi.com%2Fsync%3Fdp_id%3D52%26gdpr%3D0%26gdpr_consent%3D[GDPR_CONSENT]%26us_privacy%3D%26user_id%3D%7BUID%7D:0
[   17657ms] [ERROR] Failed to load resource: the server responded with a status of 424 (Failed Dependency) @ https://t.adx.opera.com/pub/sync?pubid=pub10101531197440&gdpr=1&gdpr_consent=:0
[   13138ms] [ERROR] Failed to load resource: the server responded with a status of 404 (Not Found) @ https://b1sync.zemanta.com/usersync/ogury/?gdpr=0&gdpr_consent=&cb=https%3A%2F%2Fms-cookie-sync.presage.io%2Fuser-sync%3Foutbrain_id%3D__ZUID__:0
[   15006ms] [ERROR] Failed to load resource: the server responded with a status of 404 (Not Found) @ https://b1sync.zemanta.com/usersync/ogury/?gdpr=0&gdpr_consent=[GDPR_CONSENT]&cb=https%3A%2F%2Fms-cookie-sync.presage.io%2Fuser-sync%3Foutbrain_id%3D__ZUID__:0
[   16577ms] [ERROR] Failed to load resource: the server responded with a status of 404 (Not Found) @ https://b1sync.zemanta.com/usersync/ogury/?gdpr=0&gdpr_consent=&cb=https%3A%2F%2Fms-cookie-sync.presage.io%2Fuser-sync%3Foutbrain_id%3D__ZUID__:0
[   17216ms] [ERROR] Failed to load resource: the server responded with a status of 404 (Not Found) @ https://b1sync.zemanta.com/usersync/ogury/?gdpr=0&gdpr_consent=&cb=https%3A%2F%2Fms-cookie-sync.presage.io%2Fuser-sync%3Foutbrain_id%3D__ZUID__:0
[   17320ms] [ERROR] Failed to load resource: the server responded with a status of 404 (Not Found) @ https://b1sync.zemanta.com/usersync/ogury/?gdpr=0&gdpr_consent=&cb=https%3A%2F%2Fms-cookie-sync.presage.io%2Fuser-sync%3Foutbrain_id%3D__ZUID__:0
[   14039ms] [ERROR] Failed to load resource: net::ERR_CERT_COMMON_NAME_INVALID @ https://cs.openwebmedia.org/cs?aid=40017&id=RX-edaf39de-7f03-4f31-9880-779c30adbdf3-005:0
[   14039ms] [ERROR] Failed to load resource: net::ERR_CERT_COMMON_NAME_INVALID @ https://cs.openwebmedia.org/cs?aid=40017&id=RX-edaf39de-7f03-4f31-9880-779c30adbdf3-005:0
[   15723ms] [ERROR] Failed to load resource: the server responded with a status of 400 (Bad Request) @ https://sync.adkernel.com/user-sync?zone=252325&gdpr=0&gdpr_consent=[GDPR_CONSENT]&us_privacy=&t=image&r=https%3A%2F%2Fittpx.eskimi.com%2Fsync%3Fdp_id%3D52%26gdpr%3D0%26gdpr_consent%3D[GDPR_CONSENT]%26us_privacy%3D%26user_id%3D%7BUID%7D:0
[   16757ms] [ERROR] Failed to load resource: the server responded with a status of 400 (Bad Request) @ https://sync.adkernel.com/user-sync?zone=252325&gdpr=0&gdpr_consent=[GDPR_CONSENT]&us_privacy=&t=image&r=https%3A%2F%2Fittpx.eskimi.com%2Fsync%3Fdp_id%3D52%26gdpr%3D0%26gdpr_consent%3D[GDPR_CONSENT]%26us_privacy%3D%26user_id%3D%7BUID%7D:0
[   16930ms] [ERROR] Failed to load resource: the server responded with a status of 400 (Bad Request) @ https://sync.adkernel.com/user-sync?zone=252325&gdpr=0&gdpr_consent=[GDPR_CONSENT]&us_privacy=&t=image&r=https%3A%2F%2Fittpx.eskimi.com%2Fsync%3Fdp_id%3D52%26gdpr%3D0%26gdpr_consent%3D[GDPR_CONSENT]%26us_privacy%3D%26user_id%3D%7BUID%7D:0
[   17756ms] [ERROR] Failed to load resource: net::ERR_HTTP2_SERVER_REFUSED_STREAM @ https://cs.admanmedia.com/2e2cd80ed2c36fa49cf9580703081ade.gif?puid=8810b08b-35f3-434d-9947-5da68e12e5fd&redir=https%3A%2F%2Fms-cookie-sync.presage.io%2Fuser-sync%3Fillumin_id%3D%5BUID%5D%26gdpr%3D0%26gdpr_consent%3D&gdpr=0&gdpr_consent=:0
[   17757ms] [ERROR] Failed to load resource: net::ERR_HTTP2_SERVER_REFUSED_STREAM @ https://cs.admanmedia.com/73c1e1bfc3bde354d60b80e601ae3914.gif?puid=[UID]&redir=https%3A%2F%2Fonetag-sys.com%2Fmatch%2F%3Fint_id%3D164%26gdpr%3D0%26gdpr_consent%3D%26uid%3D%5BUID%5D&gdpr=0&gdpr_consent=&ccpa=1---&coppa=:0
[   17757ms] [ERROR] Failed to load resource: net::ERR_HTTP2_SERVER_REFUSED_STREAM @ https://cs.admanmedia.com/94fd017f496d404a25fc5546f959bf2f.gif?gdpr=&gdpr_consent=&us_privacy=&redir=https%3A%2F%2Fsync.kueezrtb.com%2Fapi%2Fcookie%3FpartnerId%3Dkueez-acuity%26gdpr%3D%26gdpr_consent%3D%26us_privacy%3D%26userId%3D%5BUID%5D:0
[   13138ms] [ERROR] Failed to load resource: the server responded with a status of 404 (Not Found) @ https://b1sync.zemanta.com/usersync/ogury/?gdpr=0&gdpr_consent=&cb=https%3A%2F%2Fms-cookie-sync.presage.io%2Fuser-sync%3Foutbrain_id%3D__ZUID__:0
[   15006ms] [ERROR] Failed to load resource: the server responded with a status of 404 (Not Found) @ https://b1sync.zemanta.com/usersync/ogury/?gdpr=0&gdpr_consent=[GDPR_CONSENT]&cb=https%3A%2F%2Fms-cookie-sync.presage.io%2Fuser-sync%3Foutbrain_id%3D__ZUID__:0
[   16577ms] [ERROR] Failed to load resource: the server responded with a status of 404 (Not Found) @ https://b1sync.zemanta.com/usersync/ogury/?gdpr=0&gdpr_consent=&cb=https%3A%2F%2Fms-cookie-sync.presage.io%2Fuser-sync%3Foutbrain_id%3D__ZUID__:0
[   17216ms] [ERROR] Failed to load resource: the server responded with a status of 404 (Not Found) @ https://b1sync.zemanta.com/usersync/ogury/?gdpr=0&gdpr_consent=&cb=https%3A%2F%2Fms-cookie-sync.presage.io%2Fuser-sync%3Foutbrain_id%3D__ZUID__:0
[   17320ms] [ERROR] Failed to load resource: the server responded with a status of 404 (Not Found) @ https://b1sync.zemanta.com/usersync/ogury/?gdpr=0&gdpr_consent=&cb=https%3A%2F%2Fms-cookie-sync.presage.io%2Fuser-sync%3Foutbrain_id%3D__ZUID__:0
[   17756ms] [ERROR] Failed to load resource: net::ERR_HTTP2_SERVER_REFUSED_STREAM @ https://cs.admanmedia.com/2e2cd80ed2c36fa49cf9580703081ade.gif?puid=8810b08b-35f3-434d-9947-5da68e12e5fd&redir=https%3A%2F%2Fms-cookie-sync.presage.io%2Fuser-sync%3Fillumin_id%3D%5BUID%5D%26gdpr%3D0%26gdpr_consent%3D&gdpr=0&gdpr_consent=:0
[   17824ms] [ERROR] Failed to load resource: the server responded with a status of 400 (Bad Request) @ https://us4.shb-sync.com/a760a5a7-e35e-49b8-9f5e-723455346741.gif?puid=3cba453f-139b-3269-b8c8-62cbca9f57e5&gdpr=&gdpr_consent=ccpa=:0
[   14039ms] [ERROR] Failed to load resource: net::ERR_CERT_COMMON_NAME_INVALID @ https://cs.openwebmedia.org/cs?aid=40017&id=RX-edaf39de-7f03-4f31-9880-779c30adbdf3-005:0
[   13138ms] [ERROR] Failed to load resource: the server responded with a status of 404 (Not Found) @ https://b1sync.zemanta.com/usersync/ogury/?gdpr=0&gdpr_consent=&cb=https%3A%2F%2Fms-cookie-sync.presage.io%2Fuser-sync%3Foutbrain_id%3D__ZUID__:0
[   15006ms] [ERROR] Failed to load resource: the server responded with a status of 404 (Not Found) @ https://b1sync.zemanta.com/usersync/ogury/?gdpr=0&gdpr_consent=[GDPR_CONSENT]&cb=https%3A%2F%2Fms-cookie-sync.presage.io%2Fuser-sync%3Foutbrain_id%3D__ZUID__:0
[   16577ms] [ERROR] Failed to load resource: the server responded with a status of 404 (Not Found) @ https://b1sync.zemanta.com/usersync/ogury/?gdpr=0&gdpr_consent=&cb=https%3A%2F%2Fms-cookie-sync.presage.io%2Fuser-sync%3Foutbrain_id%3D__ZUID__:0
[   17216ms] [ERROR] Failed to load resource: the server responded with a status of 404 (Not Found) @ https://b1sync.zemanta.com/usersync/ogury/?gdpr=0&gdpr_consent=&cb=https%3A%2F%2Fms-cookie-sync.presage.io%2Fuser-sync%3Foutbrain_id%3D__ZUID__:0
[   17320ms] [ERROR] Failed to load resource: the server responded with a status of 404 (Not Found) @ https://b1sync.zemanta.com/usersync/ogury/?gdpr=0&gdpr_consent=&cb=https%3A%2F%2Fms-cookie-sync.presage.io%2Fuser-sync%3Foutbrain_id%3D__ZUID__:0
[   17756ms] [ERROR] Failed to load resource: net::ERR_HTTP2_SERVER_REFUSED_STREAM @ https://cs.admanmedia.com/2e2cd80ed2c36fa49cf9580703081ade.gif?puid=8810b08b-35f3-434d-9947-5da68e12e5fd&redir=https%3A%2F%2Fms-cookie-sync.presage.io%2Fuser-sync%3Fillumin_id%3D%5BUID%5D%26gdpr%3D0%26gdpr_consent%3D&gdpr=0&gdpr_consent=:0
[   15780ms] [ERROR] Failed to load resource: the server responded with a status of 400 () @ https://ssc-cms.33across.com/ps/?m=xch&rt=html&gdpr=0&gdpr_consent=[GDPR_CONSENT]&us_privacy=&ru=https%3A%2F%2Fcookies.nextmillmedia.com%2Fsetuid%3Fbidder%3D33across%26nmuid%3D%26gdpr%3D0%26gdpr_consent%3D%5BGDPR_CONSENT%5D%26us_privacy%3D%26uid%3D33XUSERID33X&id=zzz000000000002zzz:0
[   16277ms] [ERROR] Failed to load resource: the server responded with a status of 400 () @ https://ssc-cms.33across.com/ps/?m=xch&rt=html&gdpr=0&gdpr_consent=[GDPR_CONSENT]&us_privacy=&ru=https%3A%2F%2Fcookies.nextmillmedia.com%2Fsetuid%3Fbidder%3D33across%26nmuid%3D731ec583-bcf0-4ffb-a9f4-9d3c9ad42576%26gdpr%3D0%26gdpr_consent%3D%5BGDPR_CONSENT%5D%26us_privacy%3D%26uid%3D33XUSERID33X&id=zzz000000000002zzz:0
[   13138ms] [ERROR] Failed to load resource: the server responded with a status of 404 (Not Found) @ https://b1sync.zemanta.com/usersync/ogury/?gdpr=0&gdpr_consent=&cb=https%3A%2F%2Fms-cookie-sync.presage.io%2Fuser-sync%3Foutbrain_id%3D__ZUID__:0
[   15006ms] [ERROR] Failed to load resource: the server responded with a status of 404 (Not Found) @ https://b1sync.zemanta.com/usersync/ogury/?gdpr=0&gdpr_consent=[GDPR_CONSENT]&cb=https%3A%2F%2Fms-cookie-sync.presage.io%2Fuser-sync%3Foutbrain_id%3D__ZUID__:0
[   16577ms] [ERROR] Failed to load resource: the server responded with a status of 404 (Not Found) @ https://b1sync.zemanta.com/usersync/ogury/?gdpr=0&gdpr_consent=&cb=https%3A%2F%2Fms-cookie-sync.presage.io%2Fuser-sync%3Foutbrain_id%3D__ZUID__:0
[   17216ms] [ERROR] Failed to load resource: the server responded with a status of 404 (Not Found) @ https://b1sync.zemanta.com/usersync/ogury/?gdpr=0&gdpr_consent=&cb=https%3A%2F%2Fms-cookie-sync.presage.io%2Fuser-sync%3Foutbrain_id%3D__ZUID__:0
[   17320ms] [ERROR] Failed to load resource: the server responded with a status of 404 (Not Found) @ https://b1sync.zemanta.com/usersync/ogury/?gdpr=0&gdpr_consent=&cb=https%3A%2F%2Fms-cookie-sync.presage.io%2Fuser-sync%3Foutbrain_id%3D__ZUID__:0
[   17756ms] [ERROR] Failed to load resource: net::ERR_HTTP2_SERVER_REFUSED_STREAM @ https://cs.admanmedia.com/2e2cd80ed2c36fa49cf9580703081ade.gif?puid=8810b08b-35f3-434d-9947-5da68e12e5fd&redir=https%3A%2F%2Fms-cookie-sync.presage.io%2Fuser-sync%3Fillumin_id%3D%5BUID%5D%26gdpr%3D0%26gdpr_consent%3D&gdpr=0&gdpr_consent=:0
[   15780ms] [ERROR] Failed to load resource: the server responded with a status of 400 () @ https://ssc-cms.33across.com/ps/?m=xch&rt=html&gdpr=0&gdpr_consent=[GDPR_CONSENT]&us_privacy=&ru=https%3A%2F%2Fcookies.nextmillmedia.com%2Fsetuid%3Fbidder%3D33across%26nmuid%3D%26gdpr%3D0%26gdpr_consent%3D%5BGDPR_CONSENT%5D%26us_privacy%3D%26uid%3D33XUSERID33X&id=zzz000000000002zzz:0
[   16277ms] [ERROR] Failed to load resource: the server responded with a status of 400 () @ https://ssc-cms.33across.com/ps/?m=xch&rt=html&gdpr=0&gdpr_consent=[GDPR_CONSENT]&us_privacy=&ru=https%3A%2F%2Fcookies.nextmillmedia.com%2Fsetuid%3Fbidder%3D33across%26nmuid%3D731ec583-bcf0-4ffb-a9f4-9d3c9ad42576%26gdpr%3D0%26gdpr_consent%3D%5BGDPR_CONSENT%5D%26us_privacy%3D%26uid%3D33XUSERID33X&id=zzz000000000002zzz:0
[   13138ms] [ERROR] Failed to load resource: the server responded with a status of 404 (Not Found) @ https://b1sync.zemanta.com/usersync/ogury/?gdpr=0&gdpr_consent=&cb=https%3A%2F%2Fms-cookie-sync.presage.io%2Fuser-sync%3Foutbrain_id%3D__ZUID__:0
[   15006ms] [ERROR] Failed to load resource: the server responded with a status of 404 (Not Found) @ https://b1sync.zemanta.com/usersync/ogury/?gdpr=0&gdpr_consent=[GDPR_CONSENT]&cb=https%3A%2F%2Fms-cookie-sync.presage.io%2Fuser-sync%3Foutbrain_id%3D__ZUID__:0
[   16577ms] [ERROR] Failed to load resource: the server responded with a status of 404 (Not Found) @ https://b1sync.zemanta.com/usersync/ogury/?gdpr=0&gdpr_consent=&cb=https%3A%2F%2Fms-cookie-sync.presage.io%2Fuser-sync%3Foutbrain_id%3D__ZUID__:0
[   17216ms] [ERROR] Failed to load resource: the server responded with a status of 404 (Not Found) @ https://b1sync.zemanta.com/usersync/ogury/?gdpr=0&gdpr_consent=&cb=https%3A%2F%2Fms-cookie-sync.presage.io%2Fuser-sync%3Foutbrain_id%3D__ZUID__:0
[   17320ms] [ERROR] Failed to load resource: the server responded with a status of 404 (Not Found) @ https://b1sync.zemanta.com/usersync/ogury/?gdpr=0&gdpr_consent=&cb=https%3A%2F%2Fms-cookie-sync.presage.io%2Fuser-sync%3Foutbrain_id%3D__ZUID__:0
[   17756ms] [ERROR] Failed to load resource: net::ERR_HTTP2_SERVER_REFUSED_STREAM @ https://cs.admanmedia.com/2e2cd80ed2c36fa49cf9580703081ade.gif?puid=8810b08b-35f3-434d-9947-5da68e12e5fd&redir=https%3A%2F%2Fms-cookie-sync.presage.io%2Fuser-sync%3Fillumin_id%3D%5BUID%5D%26gdpr%3D0%26gdpr_consent%3D&gdpr=0&gdpr_consent=:0
[   15723ms] [ERROR] Failed to load resource: the server responded with a status of 400 (Bad Request) @ https://sync.adkernel.com/user-sync?zone=252325&gdpr=0&gdpr_consent=[GDPR_CONSENT]&us_privacy=&t=image&r=https%3A%2F%2Fittpx.eskimi.com%2Fsync%3Fdp_id%3D52%26gdpr%3D0%26gdpr_consent%3D[GDPR_CONSENT]%26us_privacy%3D%26user_id%3D%7BUID%7D:0
[   16757ms] [ERROR] Failed to load resource: the server responded with a status of 400 (Bad Request) @ https://sync.adkernel.com/user-sync?zone=252325&gdpr=0&gdpr_consent=[GDPR_CONSENT]&us_privacy=&t=image&r=https%3A%2F%2Fittpx.eskimi.com%2Fsync%3Fdp_id%3D52%26gdpr%3D0%26gdpr_consent%3D[GDPR_CONSENT]%26us_privacy%3D%26user_id%3D%7BUID%7D:0
[   16930ms] [ERROR] Failed to load resource: the server responded with a status of 400 (Bad Request) @ https://sync.adkernel.com/user-sync?zone=252325&gdpr=0&gdpr_consent=[GDPR_CONSENT]&us_privacy=&t=image&r=https%3A%2F%2Fittpx.eskimi.com%2Fsync%3Fdp_id%3D52%26gdpr%3D0%26gdpr_consent%3D[GDPR_CONSENT]%26us_privacy%3D%26user_id%3D%7BUID%7D:0
[   17757ms] [ERROR] Failed to load resource: net::ERR_HTTP2_SERVER_REFUSED_STREAM @ https://cs.admanmedia.com/94fd017f496d404a25fc5546f959bf2f.gif?gdpr=&gdpr_consent=&us_privacy=&redir=https%3A%2F%2Fsync.kueezrtb.com%2Fapi%2Fcookie%3FpartnerId%3Dkueez-acuity%26gdpr%3D%26gdpr_consent%3D%26us_privacy%3D%26userId%3D%5BUID%5D:0
[   17959ms] [ERROR] Failed to load resource: the server responded with a status of 400 (Bad Request) @ https://us4.shb-sync.com/a760a5a7-e35e-49b8-9f5e-723455346741.gif?puid=3cba453f-139b-3269-b8c8-62cbca9f57e5&gdpr=&gdpr_consent=ccpa=:0
[   13138ms] [ERROR] Failed to load resource: the server responded with a status of 404 (Not Found) @ https://b1sync.zemanta.com/usersync/ogury/?gdpr=0&gdpr_consent=&cb=https%3A%2F%2Fms-cookie-sync.presage.io%2Fuser-sync%3Foutbrain_id%3D__ZUID__:0
[   15006ms] [ERROR] Failed to load resource: the server responded with a status of 404 (Not Found) @ https://b1sync.zemanta.com/usersync/ogury/?gdpr=0&gdpr_consent=[GDPR_CONSENT]&cb=https%3A%2F%2Fms-cookie-sync.presage.io%2Fuser-sync%3Foutbrain_id%3D__ZUID__:0
[   16577ms] [ERROR] Failed to load resource: the server responded with a status of 404 (Not Found) @ https://b1sync.zemanta.com/usersync/ogury/?gdpr=0&gdpr_consent=&cb=https%3A%2F%2Fms-cookie-sync.presage.io%2Fuser-sync%3Foutbrain_id%3D__ZUID__:0
[   17216ms] [ERROR] Failed to load resource: the server responded with a status of 404 (Not Found) @ https://b1sync.zemanta.com/usersync/ogury/?gdpr=0&gdpr_consent=&cb=https%3A%2F%2Fms-cookie-sync.presage.io%2Fuser-sync%3Foutbrain_id%3D__ZUID__:0
[   17320ms] [ERROR] Failed to load resource: the server responded with a status of 404 (Not Found) @ https://b1sync.zemanta.com/usersync/ogury/?gdpr=0&gdpr_consent=&cb=https%3A%2F%2Fms-cookie-sync.presage.io%2Fuser-sync%3Foutbrain_id%3D__ZUID__:0
[   17756ms] [ERROR] Failed to load resource: net::ERR_HTTP2_SERVER_REFUSED_STREAM @ https://cs.admanmedia.com/2e2cd80ed2c36fa49cf9580703081ade.gif?puid=8810b08b-35f3-434d-9947-5da68e12e5fd&redir=https%3A%2F%2Fms-cookie-sync.presage.io%2Fuser-sync%3Fillumin_id%3D%5BUID%5D%26gdpr%3D0%26gdpr_consent%3D&gdpr=0&gdpr_consent=:0
[   15780ms] [ERROR] Failed to load resource: the server responded with a status of 400 () @ https://ssc-cms.33across.com/ps/?m=xch&rt=html&gdpr=0&gdpr_consent=[GDPR_CONSENT]&us_privacy=&ru=https%3A%2F%2Fcookies.nextmillmedia.com%2Fsetuid%3Fbidder%3D33across%26nmuid%3D%26gdpr%3D0%26gdpr_consent%3D%5BGDPR_CONSENT%5D%26us_privacy%3D%26uid%3D33XUSERID33X&id=zzz000000000002zzz:0
[   16277ms] [ERROR] Failed to load resource: the server responded with a status of 400 () @ https://ssc-cms.33across.com/ps/?m=xch&rt=html&gdpr=0&gdpr_consent=[GDPR_CONSENT]&us_privacy=&ru=https%3A%2F%2Fcookies.nextmillmedia.com%2Fsetuid%3Fbidder%3D33across%26nmuid%3D731ec583-bcf0-4ffb-a9f4-9d3c9ad42576%26gdpr%3D0%26gdpr_consent%3D%5BGDPR_CONSENT%5D%26us_privacy%3D%26uid%3D33XUSERID33X&id=zzz000000000002zzz:0
[   17757ms] [ERROR] Failed to load resource: net::ERR_HTTP2_SERVER_REFUSED_STREAM @ https://cs.admanmedia.com/94fd017f496d404a25fc5546f959bf2f.gif?gdpr=&gdpr_consent=&us_privacy=&redir=https%3A%2F%2Fsync.kueezrtb.com%2Fapi%2Fcookie%3FpartnerId%3Dkueez-acuity%26gdpr%3D%26gdpr_consent%3D%26us_privacy%3D%26userId%3D%5BUID%5D:0
[   15723ms] [ERROR] Failed to load resource: the server responded with a status of 400 (Bad Request) @ https://sync.adkernel.com/user-sync?zone=252325&gdpr=0&gdpr_consent=[GDPR_CONSENT]&us_privacy=&t=image&r=https%3A%2F%2Fittpx.eskimi.com%2Fsync%3Fdp_id%3D52%26gdpr%3D0%26gdpr_consent%3D[GDPR_CONSENT]%26us_privacy%3D%26user_id%3D%7BUID%7D:0
[   16757ms] [ERROR] Failed to load resource: the server responded with a status of 400 (Bad Request) @ https://sync.adkernel.com/user-sync?zone=252325&gdpr=0&gdpr_consent=[GDPR_CONSENT]&us_privacy=&t=image&r=https%3A%2F%2Fittpx.eskimi.com%2Fsync%3Fdp_id%3D52%26gdpr%3D0%26gdpr_consent%3D[GDPR_CONSENT]%26us_privacy%3D%26user_id%3D%7BUID%7D:0
[   16930ms] [ERROR] Failed to load resource: the server responded with a status of 400 (Bad Request) @ https://sync.adkernel.com/user-sync?zone=252325&gdpr=0&gdpr_consent=[GDPR_CONSENT]&us_privacy=&t=image&r=https%3A%2F%2Fittpx.eskimi.com%2Fsync%3Fdp_id%3D52%26gdpr%3D0%26gdpr_consent%3D[GDPR_CONSENT]%26us_privacy%3D%26user_id%3D%7BUID%7D:0
[   18147ms] [ERROR] Failed to load resource: the server responded with a status of 404 (Not Found) @ https://b1sync.zemanta.com/usersync/ogury/?gdpr=0&gdpr_consent=&cb=https%3A%2F%2Fms-cookie-sync.presage.io%2Fuser-sync%3Foutbrain_id%3D__ZUID__:0
[   18149ms] [ERROR] Failed to load resource: net::ERR_HTTP2_SERVER_REFUSED_STREAM @ https://cs.admanmedia.com/73c1e1bfc3bde354d60b80e601ae3914.gif?puid=[UID]&redir=https%3A%2F%2Fonetag-sys.com%2Fmatch%2F%3Fint_id%3D164%26gdpr%3D0%26gdpr_consent%3D%26uid%3D%5BUID%5D&gdpr=0&gdpr_consent=&ccpa=&coppa=:0
[   18150ms] [ERROR] Failed to load resource: net::ERR_HTTP2_SERVER_REFUSED_STREAM @ https://cs.admanmedia.com/73c1e1bfc3bde354d60b80e601ae3914.gif?puid=[UID]&redir=https%3A%2F%2Fonetag-sys.com%2Fmatch%2F%3Fint_id%3D164%26gdpr%3D1%26gdpr_consent%3D%26uid%3D%5BUID%5D&gdpr=1&gdpr_consent=&ccpa=&coppa=:0
[   18247ms] [ERROR] Failed to load resource: the server responded with a status of 404 (Not Found) @ https://b1sync.zemanta.com/usersync/ogury/?gdpr=0&gdpr_consent=&cb=https%3A%2F%2Fms-cookie-sync.presage.io%2Fuser-sync%3Foutbrain_id%3D__ZUID__:0
[   15780ms] [ERROR] Failed to load resource: the server responded with a status of 400 () @ https://ssc-cms.33across.com/ps/?m=xch&rt=html&gdpr=0&gdpr_consent=[GDPR_CONSENT]&us_privacy=&ru=https%3A%2F%2Fcookies.nextmillmedia.com%2Fsetuid%3Fbidder%3D33across%26nmuid%3D%26gdpr%3D0%26gdpr_consent%3D%5BGDPR_CONSENT%5D%26us_privacy%3D%26uid%3D33XUSERID33X&id=zzz000000000002zzz:0
[   16277ms] [ERROR] Failed to load resource: the server responded with a status of 400 () @ https://ssc-cms.33across.com/ps/?m=xch&rt=html&gdpr=0&gdpr_consent=[GDPR_CONSENT]&us_privacy=&ru=https%3A%2F%2Fcookies.nextmillmedia.com%2Fsetuid%3Fbidder%3D33across%26nmuid%3D731ec583-bcf0-4ffb-a9f4-9d3c9ad42576%26gdpr%3D0%26gdpr_consent%3D%5BGDPR_CONSENT%5D%26us_privacy%3D%26uid%3D33XUSERID33X&id=zzz000000000002zzz:0
[   16433ms] [ERROR] Failed to load resource: net::ERR_NAME_NOT_RESOLVED @ https://cs.iqzone.com/6f0476ca45e1d6b67e3ee8d57532a022.gif?redir=https%3A%2F%2Fsync.cootlogix.com%2Fapi%2Fcookie%3FpartnerId%3Diqzone%26gdpr%3D0%26gdpr_consent%3D%5BGDPR_CONSENT%5D%26us_privacy%3D%26userId%3D%5BUID%5D&gdpr=0&gdpr_consent=%5BGDPR_CONSENT%5D&ccpa=:0
[   17326ms] [ERROR] Failed to load resource: net::ERR_NAME_NOT_RESOLVED @ https://cs.iqzone.com/6f0476ca45e1d6b67e3ee8d57532a022.gif?redir=https%3A%2F%2Fsync.cootlogix.com%2Fapi%2Fcookie%3FpartnerId%3Diqzone%26gdpr%3D%26gdpr_consent%3D%26us_privacy%3D%26userId%3D%5BUID%5D&gdpr=&gdpr_consent=&ccpa=:0
[   17477ms] [ERROR] Failed to load resource: net::ERR_NAME_NOT_RESOLVED @ https://cs.iqzone.com/6f0476ca45e1d6b67e3ee8d57532a022.gif?redir=https%3A%2F%2Fsync.cootlogix.com%2Fapi%2Fcookie%3FpartnerId%3Diqzone%26gdpr%3D%26gdpr_consent%3D%26us_privacy%3D%26userId%3D%5BUID%5D&gdpr=&gdpr_consent=&ccpa=:0
[   17824ms] [ERROR] Failed to load resource: the server responded with a status of 400 (Bad Request) @ https://us4.shb-sync.com/a760a5a7-e35e-49b8-9f5e-723455346741.gif?puid=3cba453f-139b-3269-b8c8-62cbca9f57e5&gdpr=&gdpr_consent=ccpa=:0
[   17959ms] [ERROR] Failed to load resource: the server responded with a status of 400 (Bad Request) @ https://us4.shb-sync.com/a760a5a7-e35e-49b8-9f5e-723455346741.gif?puid=3cba453f-139b-3269-b8c8-62cbca9f57e5&gdpr=&gdpr_consent=ccpa=:0
[   12931ms] [ERROR] Failed to load resource: the server responded with a status of 404 () @ https://id5-sync.com/k/264.gif?puid=fb67a898-3320-4df7-a400-10f4514e5362&ttl=%%TTL%%:0
[   18343ms] [LOG] Recent pixels found, Skipping... @ https://usync.ingage.tech/?gdpr=&gdpr_consent=&us_privacy=&redirect=https%3A%2F%2Fcookies.nextmillmedia.com%2Fsetuid%3Fbidder%3Dinsticator%26nmuid%3D731ec583-bcf0-4ffb-a9f4-9d3c9ad42576%26gdpr%3D%26gdpr_consent%3D%26us_privacy%3D%26uid%3D%24UID:0
[   15723ms] [ERROR] Failed to load resource: the server responded with a status of 400 (Bad Request) @ https://sync.adkernel.com/user-sync?zone=252325&gdpr=0&gdpr_consent=[GDPR_CONSENT]&us_privacy=&t=image&r=https%3A%2F%2Fittpx.eskimi.com%2Fsync%3Fdp_id%3D52%26gdpr%3D0%26gdpr_consent%3D[GDPR_CONSENT]%26us_privacy%3D%26user_id%3D%7BUID%7D:0
[   16757ms] [ERROR] Failed to load resource: the server responded with a status of 400 (Bad Request) @ https://sync.adkernel.com/user-sync?zone=252325&gdpr=0&gdpr_consent=[GDPR_CONSENT]&us_privacy=&t=image&r=https%3A%2F%2Fittpx.eskimi.com%2Fsync%3Fdp_id%3D52%26gdpr%3D0%26gdpr_consent%3D[GDPR_CONSENT]%26us_privacy%3D%26user_id%3D%7BUID%7D:0
[   16930ms] [ERROR] Failed to load resource: the server responded with a status of 400 (Bad Request) @ https://sync.adkernel.com/user-sync?zone=252325&gdpr=0&gdpr_consent=[GDPR_CONSENT]&us_privacy=&t=image&r=https%3A%2F%2Fittpx.eskimi.com%2Fsync%3Fdp_id%3D52%26gdpr%3D0%26gdpr_consent%3D[GDPR_CONSENT]%26us_privacy%3D%26user_id%3D%7BUID%7D:0
[   15780ms] [ERROR] Failed to load resource: the server responded with a status of 400 () @ https://ssc-cms.33across.com/ps/?m=xch&rt=html&gdpr=0&gdpr_consent=[GDPR_CONSENT]&us_privacy=&ru=https%3A%2F%2Fcookies.nextmillmedia.com%2Fsetuid%3Fbidder%3D33across%26nmuid%3D%26gdpr%3D0%26gdpr_consent%3D%5BGDPR_CONSENT%5D%26us_privacy%3D%26uid%3D33XUSERID33X&id=zzz000000000002zzz:0
[   16277ms] [ERROR] Failed to load resource: the server responded with a status of 400 () @ https://ssc-cms.33across.com/ps/?m=xch&rt=html&gdpr=0&gdpr_consent=[GDPR_CONSENT]&us_privacy=&ru=https%3A%2F%2Fcookies.nextmillmedia.com%2Fsetuid%3Fbidder%3D33across%26nmuid%3D731ec583-bcf0-4ffb-a9f4-9d3c9ad42576%26gdpr%3D0%26gdpr_consent%3D%5BGDPR_CONSENT%5D%26us_privacy%3D%26uid%3D33XUSERID33X&id=zzz000000000002zzz:0
[   16433ms] [ERROR] Failed to load resource: net::ERR_NAME_NOT_RESOLVED @ https://cs.iqzone.com/6f0476ca45e1d6b67e3ee8d57532a022.gif?redir=https%3A%2F%2Fsync.cootlogix.com%2Fapi%2Fcookie%3FpartnerId%3Diqzone%26gdpr%3D0%26gdpr_consent%3D%5BGDPR_CONSENT%5D%26us_privacy%3D%26userId%3D%5BUID%5D&gdpr=0&gdpr_consent=%5BGDPR_CONSENT%5D&ccpa=:0
[   17326ms] [ERROR] Failed to load resource: net::ERR_NAME_NOT_RESOLVED @ https://cs.iqzone.com/6f0476ca45e1d6b67e3ee8d57532a022.gif?redir=https%3A%2F%2Fsync.cootlogix.com%2Fapi%2Fcookie%3FpartnerId%3Diqzone%26gdpr%3D%26gdpr_consent%3D%26us_privacy%3D%26userId%3D%5BUID%5D&gdpr=&gdpr_consent=&ccpa=:0
[   17477ms] [ERROR] Failed to load resource: net::ERR_NAME_NOT_RESOLVED @ https://cs.iqzone.com/6f0476ca45e1d6b67e3ee8d57532a022.gif?redir=https%3A%2F%2Fsync.cootlogix.com%2Fapi%2Fcookie%3FpartnerId%3Diqzone%26gdpr%3D%26gdpr_consent%3D%26us_privacy%3D%26userId%3D%5BUID%5D&gdpr=&gdpr_consent=&ccpa=:0
[   17824ms] [ERROR] Failed to load resource: the server responded with a status of 400 (Bad Request) @ https://us4.shb-sync.com/a760a5a7-e35e-49b8-9f5e-723455346741.gif?puid=3cba453f-139b-3269-b8c8-62cbca9f57e5&gdpr=&gdpr_consent=ccpa=:0
[   17959ms] [ERROR] Failed to load resource: the server responded with a status of 400 (Bad Request) @ https://us4.shb-sync.com/a760a5a7-e35e-49b8-9f5e-723455346741.gif?puid=3cba453f-139b-3269-b8c8-62cbca9f57e5&gdpr=&gdpr_consent=ccpa=:0
[   16433ms] [ERROR] Failed to load resource: net::ERR_NAME_NOT_RESOLVED @ https://cs.iqzone.com/6f0476ca45e1d6b67e3ee8d57532a022.gif?redir=https%3A%2F%2Fsync.cootlogix.com%2Fapi%2Fcookie%3FpartnerId%3Diqzone%26gdpr%3D0%26gdpr_consent%3D%5BGDPR_CONSENT%5D%26us_privacy%3D%26userId%3D%5BUID%5D&gdpr=0&gdpr_consent=%5BGDPR_CONSENT%5D&ccpa=:0
[   17326ms] [ERROR] Failed to load resource: net::ERR_NAME_NOT_RESOLVED @ https://cs.iqzone.com/6f0476ca45e1d6b67e3ee8d57532a022.gif?redir=https%3A%2F%2Fsync.cootlogix.com%2Fapi%2Fcookie%3FpartnerId%3Diqzone%26gdpr%3D%26gdpr_consent%3D%26us_privacy%3D%26userId%3D%5BUID%5D&gdpr=&gdpr_consent=&ccpa=:0
[   17477ms] [ERROR] Failed to load resource: net::ERR_NAME_NOT_RESOLVED @ https://cs.iqzone.com/6f0476ca45e1d6b67e3ee8d57532a022.gif?redir=https%3A%2F%2Fsync.cootlogix.com%2Fapi%2Fcookie%3FpartnerId%3Diqzone%26gdpr%3D%26gdpr_consent%3D%26us_privacy%3D%26userId%3D%5BUID%5D&gdpr=&gdpr_consent=&ccpa=:0
[   17824ms] [ERROR] Failed to load resource: the server responded with a status of 400 (Bad Request) @ https://us4.shb-sync.com/a760a5a7-e35e-49b8-9f5e-723455346741.gif?puid=3cba453f-139b-3269-b8c8-62cbca9f57e5&gdpr=&gdpr_consent=ccpa=:0
[   17959ms] [ERROR] Failed to load resource: the server responded with a status of 400 (Bad Request) @ https://us4.shb-sync.com/a760a5a7-e35e-49b8-9f5e-723455346741.gif?puid=3cba453f-139b-3269-b8c8-62cbca9f57e5&gdpr=&gdpr_consent=ccpa=:0
[   18385ms] [ERROR] Failed to load resource: net::ERR_NAME_NOT_RESOLVED @ https://cs.iqzone.com/6f0476ca45e1d6b67e3ee8d57532a022.gif?redir=https%3A%2F%2Fsync.cootlogix.com%2Fapi%2Fcookie%3FpartnerId%3Diqzone%26gdpr%3D%26gdpr_consent%3D%26us_privacy%3D%26userId%3D%5BUID%5D&gdpr=&gdpr_consent=&ccpa=:0
[   12931ms] [ERROR] Failed to load resource: the server responded with a status of 404 () @ https://id5-sync.com/k/264.gif?puid=fb67a898-3320-4df7-a400-10f4514e5362&ttl=%%TTL%%:0
[   18481ms] [ERROR] Failed to load resource: the server responded with a status of 400 (Bad Request) @ https://us4.shb-sync.com/a760a5a7-e35e-49b8-9f5e-723455346741.gif?puid=3cba453f-139b-3269-b8c8-62cbca9f57e5&gdpr=&gdpr_consent=ccpa=:0
[   18526ms] [ERROR] Failed to load resource: net::ERR_NAME_NOT_RESOLVED @ https://cs.iqzone.com/6f0476ca45e1d6b67e3ee8d57532a022.gif?redir=https%3A%2F%2Fsync.cootlogix.com%2Fapi%2Fcookie%3FpartnerId%3Diqzone%26gdpr%3D%26gdpr_consent%3D%26us_privacy%3D%26userId%3D%5BUID%5D&gdpr=&gdpr_consent=&ccpa=:0
[   13994ms] [ERROR] Failed to load resource: net::ERR_NAME_NOT_RESOLVED @ https://cs.iqzone.com/570908b7e92df631fee32098aa272f7b.gif?puid=MSsg%2BGqbRfom23xxXz5VSw%3D%3D&gdpr=&gdpr_consent=&ccpa=&coppa=&redir=https%3A%2F%2Fssc-cms.33across.com%2Fps%2F%3Fxi%3D145%26ts%3D1788560891278.6%26us_privacy%3D%26xu%3D%5BUID%5D%26gpp_sid%3D%26gpp%3D:0
[   13994ms] [ERROR] Failed to load resource: net::ERR_NAME_NOT_RESOLVED @ https://cs.iqzone.com/570908b7e92df631fee32098aa272f7b.gif?puid=ZqrLkWqbRfruO0BjX0clmw%3D%3D&gdpr=&gdpr_consent=&ccpa=&coppa=&redir=https%3A%2F%2Fssc-cms.33across.com%2Fps%2F%3Fxi%3D145%26ts%3D1788560891166.6%26us_privacy%3D%26xu%3D%5BUID%5D%26gpp_sid%3D%26gpp%3D:0
[   13995ms] [ERROR] Failed to load resource: net::ERR_NAME_NOT_RESOLVED @ https://cs.iqzone.com/570908b7e92df631fee32098aa272f7b.gif?puid=ZqrLkWqbRfruO0BjX0clmw%3D%3D&gdpr=&gdpr_consent=&ccpa=&coppa=&redir=https%3A%2F%2Fssc-cms.33across.com%2Fps%2F%3Fxi%3D145%26ts%3D1788560891158.6%26us_privacy%3D%26xu%3D%5BUID%5D%26gpp_sid%3D%26gpp%3D:0
[   13995ms] [ERROR] Failed to load resource: net::ERR_NAME_NOT_RESOLVED @ https://cs.iqzone.com/570908b7e92df631fee32098aa272f7b.gif?puid=6Sde5GqbRfsgPA4xX03y4A%3D%3D&gdpr=&gdpr_consent=&ccpa=&coppa=&redir=https%3A%2F%2Fssc-cms.33across.com%2Fps%2F%3Fxi%3D145%26ts%3D1788560891362.6%26us_privacy%3D%26xu%3D%5BUID%5D%26gpp_sid%3D%26gpp%3D:0
[   14075ms] [ERROR] Failed to load resource: net::ERR_NAME_NOT_RESOLVED @ https://cs.iqzone.com/570908b7e92df631fee32098aa272f7b.gif?puid=ZqrLkWqbRfruO0BjX0clmw%3D%3D&gdpr=&gdpr_consent=&ccpa=&coppa=&redir=https%3A%2F%2Fssc-cms.33across.com%2Fps%2F%3Fxi%3D145%26ts%3D1788560891166.6%26us_privacy%3D%26xu%3D%5BUID%5D%26gpp_sid%3D%26gpp%3D:0
[   16296ms] [ERROR] Failed to load resource: net::ERR_NAME_NOT_RESOLVED @ https://usermatch.krxd.net/um/v2?partner=tapad:0
[   18576ms] [ERROR] Failed to load resource: the server responded with a status of 400 (Bad Request) @ https://us4.shb-sync.com/a760a5a7-e35e-49b8-9f5e-723455346741.gif?puid=3cba453f-139b-3269-b8c8-62cbca9f57e5&gdpr=&gdpr_consent=ccpa=:0
[   15780ms] [ERROR] Failed to load resource: the server responded with a status of 400 () @ https://ssc-cms.33across.com/ps/?m=xch&rt=html&gdpr=0&gdpr_consent=[GDPR_CONSENT]&us_privacy=&ru=https%3A%2F%2Fcookies.nextmillmedia.com%2Fsetuid%3Fbidder%3D33across%26nmuid%3D%26gdpr%3D0%26gdpr_consent%3D%5BGDPR_CONSENT%5D%26us_privacy%3D%26uid%3D33XUSERID33X&id=zzz000000000002zzz:0
[   16277ms] [ERROR] Failed to load resource: the server responded with a status of 400 () @ https://ssc-cms.33across.com/ps/?m=xch&rt=html&gdpr=0&gdpr_consent=[GDPR_CONSENT]&us_privacy=&ru=https%3A%2F%2Fcookies.nextmillmedia.com%2Fsetuid%3Fbidder%3D33across%26nmuid%3D731ec583-bcf0-4ffb-a9f4-9d3c9ad42576%26gdpr%3D0%26gdpr_consent%3D%5BGDPR_CONSENT%5D%26us_privacy%3D%26uid%3D33XUSERID33X&id=zzz000000000002zzz:0
[   18682ms] [ERROR] Failed to load resource: the server responded with a status of 400 (Bad Request) @ https://us4.shb-sync.com/a760a5a7-e35e-49b8-9f5e-723455346741.gif?puid=3cba453f-139b-3269-b8c8-62cbca9f57e5&gdpr=&gdpr_consent=ccpa=:0
[   18683ms] [ERROR] Failed to load resource: net::ERR_NAME_NOT_RESOLVED @ https://cs.iqzone.com/6f0476ca45e1d6b67e3ee8d57532a022.gif?redir=https%3A%2F%2Fsync.cootlogix.com%2Fapi%2Fcookie%3FpartnerId%3Diqzone%26gdpr%3D%26gdpr_consent%3D%26us_privacy%3D%26userId%3D%5BUID%5D&gdpr=&gdpr_consent=&ccpa=:0
[   15780ms] [ERROR] Failed to load resource: the server responded with a status of 400 () @ https://ssc-cms.33across.com/ps/?m=xch&rt=html&gdpr=0&gdpr_consent=[GDPR_CONSENT]&us_privacy=&ru=https%3A%2F%2Fcookies.nextmillmedia.com%2Fsetuid%3Fbidder%3D33across%26nmuid%3D%26gdpr%3D0%26gdpr_consent%3D%5BGDPR_CONSENT%5D%26us_privacy%3D%26uid%3D33XUSERID33X&id=zzz000000000002zzz:0
[   16277ms] [ERROR] Failed to load resource: the server responded with a status of 400 () @ https://ssc-cms.33across.com/ps/?m=xch&rt=html&gdpr=0&gdpr_consent=[GDPR_CONSENT]&us_privacy=&ru=https%3A%2F%2Fcookies.nextmillmedia.com%2Fsetuid%3Fbidder%3D33across%26nmuid%3D731ec583-bcf0-4ffb-a9f4-9d3c9ad42576%26gdpr%3D0%26gdpr_consent%3D%5BGDPR_CONSENT%5D%26us_privacy%3D%26uid%3D33XUSERID33X&id=zzz000000000002zzz:0
[   15723ms] [ERROR] Failed to load resource: the server responded with a status of 400 (Bad Request) @ https://sync.adkernel.com/user-sync?zone=252325&gdpr=0&gdpr_consent=[GDPR_CONSENT]&us_privacy=&t=image&r=https%3A%2F%2Fittpx.eskimi.com%2Fsync%3Fdp_id%3D52%26gdpr%3D0%26gdpr_consent%3D[GDPR_CONSENT]%26us_privacy%3D%26user_id%3D%7BUID%7D:0
[   16757ms] [ERROR] Failed to load resource: the server responded with a status of 400 (Bad Request) @ https://sync.adkernel.com/user-sync?zone=252325&gdpr=0&gdpr_consent=[GDPR_CONSENT]&us_privacy=&t=image&r=https%3A%2F%2Fittpx.eskimi.com%2Fsync%3Fdp_id%3D52%26gdpr%3D0%26gdpr_consent%3D[GDPR_CONSENT]%26us_privacy%3D%26user_id%3D%7BUID%7D:0
[   16930ms] [ERROR] Failed to load resource: the server responded with a status of 400 (Bad Request) @ https://sync.adkernel.com/user-sync?zone=252325&gdpr=0&gdpr_consent=[GDPR_CONSENT]&us_privacy=&t=image&r=https%3A%2F%2Fittpx.eskimi.com%2Fsync%3Fdp_id%3D52%26gdpr%3D0%26gdpr_consent%3D[GDPR_CONSENT]%26us_privacy%3D%26user_id%3D%7BUID%7D:0
[   16672ms] [ERROR] Failed to load resource: the server responded with a status of 404 () @ https://cs.admanmedia.com/292deb7c3c2bf25073c04bb900f3a44a.gif??gdpr=0&gdpr_consent=[GDPR_CONSENT]&us_privacy=&redir=https%3A%2F%2Fcookies.nextmillmedia.com%2Fsetuid%3Fbidder%3Dadmanmedia%26nmuid%3D%26gdpr%3D0%26gdpr_consent%3D%5BGDPR_CONSENT%5D%26us_privacy%3D%26uid%3D%5BUID%5D:0
[   17080ms] [ERROR] Failed to load resource: the server responded with a status of 404 () @ https://cs.admanmedia.com/292deb7c3c2bf25073c04bb900f3a44a.gif??gdpr=0&gdpr_consent=[GDPR_CONSENT]&us_privacy=&redir=https%3A%2F%2Fcookies.nextmillmedia.com%2Fsetuid%3Fbidder%3Dadmanmedia%26nmuid%3D731ec583-bcf0-4ffb-a9f4-9d3c9ad42576%26gdpr%3D0%26gdpr_consent%3D%5BGDPR_CONSENT%5D%26us_privacy%3D%26uid%3D%5BUID%5D:0
[   18758ms] [ERROR] Failed to load resource: the server responded with a status of 404 () @ https://cs.admanmedia.com/292deb7c3c2bf25073c04bb900f3a44a.gif??gdpr=&gdpr_consent=&us_privacy=&redir=https%3A%2F%2Fcookies.nextmillmedia.com%2Fsetuid%3Fbidder%3Dadmanmedia%26nmuid%3D731ec583-bcf0-4ffb-a9f4-9d3c9ad42576%26gdpr%3D%26gdpr_consent%3D%26us_privacy%3D%26uid%3D%5BUID%5D:0
[   18779ms] [ERROR] Failed to load resource: net::ERR_HTTP2_SERVER_REFUSED_STREAM @ https://cs.admanmedia.com/94fd017f496d404a25fc5546f959bf2f.gif?gdpr=0&gdpr_consent=&us_privacy=&redir=https%3A%2F%2Fsync.kueezrtb.com%2Fapi%2Fcookie%3FpartnerId%3Dkueez-acuity%26gdpr%3D0%26gdpr_consent%3D%26us_privacy%3D%26userId%3D%5BUID%5D:0
[   16328ms] [ERROR] Failed to load resource: the server responded with a status of 429 () @ https://ortb.vdo.ai/sync-iframe?sp=NextMillennium-Web-Display&uid={UID}&redir=https%3A%2F%2Fcookies.nextmillmedia.com%2Fsetuid%3Fbidder%3Dvdo_display%26nmuid%3D%26gdpr%3D0%26gdpr_consent%3D%5BGDPR_CONSENT%5D%26us_privacy%3D%26uid%3D%7Bvdo_uid%7D:0
[   16331ms] [ERROR] Failed to load resource: the server responded with a status of 429 () @ https://ortb.vdo.ai/sync-iframe?sp=NextMillennium-Web-Video&uid={UID}&redir=https%3A%2F%2Fcookies.nextmillmedia.com%2Fsetuid%3Fbidder%3Dvdo_video%26nmuid%3D%26gdpr%3D0%26gdpr_consent%3D%5BGDPR_CONSENT%5D%26us_privacy%3D%26uid%3D%7Bvdo_uid%7D:0
[   16614ms] [ERROR] Failed to load resource: the server responded with a status of 429 () @ https://ortb.vdo.ai/sync-iframe?sp=NextMillennium-Web-Display&uid={UID}&redir=https%3A%2F%2Fcookies.nextmillmedia.com%2Fsetuid%3Fbidder%3Dvdo_display%26nmuid%3D731ec583-bcf0-4ffb-a9f4-9d3c9ad42576%26gdpr%3D0%26gdpr_consent%3D%5BGDPR_CONSENT%5D%26us_privacy%3D%26uid%3D%7Bvdo_uid%7D:0
[   16616ms] [ERROR] Failed to load resource: the server responded with a status of 429 () @ https://ortb.vdo.ai/sync-iframe?sp=NextMillennium-Web-Video&uid={UID}&redir=https%3A%2F%2Fcookies.nextmillmedia.com%2Fsetuid%3Fbidder%3Dvdo_video%26nmuid%3D731ec583-bcf0-4ffb-a9f4-9d3c9ad42576%26gdpr%3D0%26gdpr_consent%3D%5BGDPR_CONSENT%5D%26us_privacy%3D%26uid%3D%7Bvdo_uid%7D:0
[   18790ms] [ERROR] Failed to load resource: the server responded with a status of 429 () @ https://ortb.vdo.ai/sync-iframe?sp=NextMillennium-Web-Video&uid={UID}&redir=https%3A%2F%2Fcookies.nextmillmedia.com%2Fsetuid%3Fbidder%3Dvdo_video%26nmuid%3D731ec583-bcf0-4ffb-a9f4-9d3c9ad42576%26gdpr%3D%26gdpr_consent%3D%26us_privacy%3D%26uid%3D%7Bvdo_uid%7D:0
[   16328ms] [ERROR] Failed to load resource: the server responded with a status of 429 () @ https://ortb.vdo.ai/sync-iframe?sp=NextMillennium-Web-Display&uid={UID}&redir=https%3A%2F%2Fcookies.nextmillmedia.com%2Fsetuid%3Fbidder%3Dvdo_display%26nmuid%3D%26gdpr%3D0%26gdpr_consent%3D%5BGDPR_CONSENT%5D%26us_privacy%3D%26uid%3D%7Bvdo_uid%7D:0
[   16331ms] [ERROR] Failed to load resource: the server responded with a status of 429 () @ https://ortb.vdo.ai/sync-iframe?sp=NextMillennium-Web-Video&uid={UID}&redir=https%3A%2F%2Fcookies.nextmillmedia.com%2Fsetuid%3Fbidder%3Dvdo_video%26nmuid%3D%26gdpr%3D0%26gdpr_consent%3D%5BGDPR_CONSENT%5D%26us_privacy%3D%26uid%3D%7Bvdo_uid%7D:0
[   16614ms] [ERROR] Failed to load resource: the server responded with a status of 429 () @ https://ortb.vdo.ai/sync-iframe?sp=NextMillennium-Web-Display&uid={UID}&redir=https%3A%2F%2Fcookies.nextmillmedia.com%2Fsetuid%3Fbidder%3Dvdo_display%26nmuid%3D731ec583-bcf0-4ffb-a9f4-9d3c9ad42576%26gdpr%3D0%26gdpr_consent%3D%5BGDPR_CONSENT%5D%26us_privacy%3D%26uid%3D%7Bvdo_uid%7D:0
[   16616ms] [ERROR] Failed to load resource: the server responded with a status of 429 () @ https://ortb.vdo.ai/sync-iframe?sp=NextMillennium-Web-Video&uid={UID}&redir=https%3A%2F%2Fcookies.nextmillmedia.com%2Fsetuid%3Fbidder%3Dvdo_video%26nmuid%3D731ec583-bcf0-4ffb-a9f4-9d3c9ad42576%26gdpr%3D0%26gdpr_consent%3D%5BGDPR_CONSENT%5D%26us_privacy%3D%26uid%3D%7Bvdo_uid%7D:0
[   18790ms] [ERROR] Failed to load resource: the server responded with a status of 429 () @ https://ortb.vdo.ai/sync-iframe?sp=NextMillennium-Web-Video&uid={UID}&redir=https%3A%2F%2Fcookies.nextmillmedia.com%2Fsetuid%3Fbidder%3Dvdo_video%26nmuid%3D731ec583-bcf0-4ffb-a9f4-9d3c9ad42576%26gdpr%3D%26gdpr_consent%3D%26us_privacy%3D%26uid%3D%7Bvdo_uid%7D:0
[   18793ms] [ERROR] Failed to load resource: the server responded with a status of 429 () @ https://ortb.vdo.ai/sync-iframe?sp=NextMillennium-Web-Display&uid={UID}&redir=https%3A%2F%2Fcookies.nextmillmedia.com%2Fsetuid%3Fbidder%3Dvdo_display%26nmuid%3D731ec583-bcf0-4ffb-a9f4-9d3c9ad42576%26gdpr%3D%26gdpr_consent%3D%26us_privacy%3D%26uid%3D%7Bvdo_uid%7D:0
[   16433ms] [ERROR] Failed to load resource: net::ERR_NAME_NOT_RESOLVED @ https://cs.iqzone.com/6f0476ca45e1d6b67e3ee8d57532a022.gif?redir=https%3A%2F%2Fsync.cootlogix.com%2Fapi%2Fcookie%3FpartnerId%3Diqzone%26gdpr%3D0%26gdpr_consent%3D%5BGDPR_CONSENT%5D%26us_privacy%3D%26userId%3D%5BUID%5D&gdpr=0&gdpr_consent=%5BGDPR_CONSENT%5D&ccpa=:0
[   17326ms] [ERROR] Failed to load resource: net::ERR_NAME_NOT_RESOLVED @ https://cs.iqzone.com/6f0476ca45e1d6b67e3ee8d57532a022.gif?redir=https%3A%2F%2Fsync.cootlogix.com%2Fapi%2Fcookie%3FpartnerId%3Diqzone%26gdpr%3D%26gdpr_consent%3D%26us_privacy%3D%26userId%3D%5BUID%5D&gdpr=&gdpr_consent=&ccpa=:0
[   17477ms] [ERROR] Failed to load resource: net::ERR_NAME_NOT_RESOLVED @ https://cs.iqzone.com/6f0476ca45e1d6b67e3ee8d57532a022.gif?redir=https%3A%2F%2Fsync.cootlogix.com%2Fapi%2Fcookie%3FpartnerId%3Diqzone%26gdpr%3D%26gdpr_consent%3D%26us_privacy%3D%26userId%3D%5BUID%5D&gdpr=&gdpr_consent=&ccpa=:0
[   17824ms] [ERROR] Failed to load resource: the server responded with a status of 400 (Bad Request) @ https://us4.shb-sync.com/a760a5a7-e35e-49b8-9f5e-723455346741.gif?puid=3cba453f-139b-3269-b8c8-62cbca9f57e5&gdpr=&gdpr_consent=ccpa=:0
[   17959ms] [ERROR] Failed to load resource: the server responded with a status of 400 (Bad Request) @ https://us4.shb-sync.com/a760a5a7-e35e-49b8-9f5e-723455346741.gif?puid=3cba453f-139b-3269-b8c8-62cbca9f57e5&gdpr=&gdpr_consent=ccpa=:0
[   18385ms] [ERROR] Failed to load resource: net::ERR_NAME_NOT_RESOLVED @ https://cs.iqzone.com/6f0476ca45e1d6b67e3ee8d57532a022.gif?redir=https%3A%2F%2Fsync.cootlogix.com%2Fapi%2Fcookie%3FpartnerId%3Diqzone%26gdpr%3D%26gdpr_consent%3D%26us_privacy%3D%26userId%3D%5BUID%5D&gdpr=&gdpr_consent=&ccpa=:0
[   18481ms] [ERROR] Failed to load resource: the server responded with a status of 400 (Bad Request) @ https://us4.shb-sync.com/a760a5a7-e35e-49b8-9f5e-723455346741.gif?puid=3cba453f-139b-3269-b8c8-62cbca9f57e5&gdpr=&gdpr_consent=ccpa=:0
[   18526ms] [ERROR] Failed to load resource: net::ERR_NAME_NOT_RESOLVED @ https://cs.iqzone.com/6f0476ca45e1d6b67e3ee8d57532a022.gif?redir=https%3A%2F%2Fsync.cootlogix.com%2Fapi%2Fcookie%3FpartnerId%3Diqzone%26gdpr%3D%26gdpr_consent%3D%26us_privacy%3D%26userId%3D%5BUID%5D&gdpr=&gdpr_consent=&ccpa=:0
[   18576ms] [ERROR] Failed to load resource: the server responded with a status of 400 (Bad Request) @ https://us4.shb-sync.com/a760a5a7-e35e-49b8-9f5e-723455346741.gif?puid=3cba453f-139b-3269-b8c8-62cbca9f57e5&gdpr=&gdpr_consent=ccpa=:0
[   18682ms] [ERROR] Failed to load resource: the server responded with a status of 400 (Bad Request) @ https://us4.shb-sync.com/a760a5a7-e35e-49b8-9f5e-723455346741.gif?puid=3cba453f-139b-3269-b8c8-62cbca9f57e5&gdpr=&gdpr_consent=ccpa=:0
[   18683ms] [ERROR] Failed to load resource: net::ERR_NAME_NOT_RESOLVED @ https://cs.iqzone.com/6f0476ca45e1d6b67e3ee8d57532a022.gif?redir=https%3A%2F%2Fsync.cootlogix.com%2Fapi%2Fcookie%3FpartnerId%3Diqzone%26gdpr%3D%26gdpr_consent%3D%26us_privacy%3D%26userId%3D%5BUID%5D&gdpr=&gdpr_consent=&ccpa=:0
[   13138ms] [ERROR] Failed to load resource: the server responded with a status of 404 (Not Found) @ https://b1sync.zemanta.com/usersync/ogury/?gdpr=0&gdpr_consent=&cb=https%3A%2F%2Fms-cookie-sync.presage.io%2Fuser-sync%3Foutbrain_id%3D__ZUID__:0
[   15006ms] [ERROR] Failed to load resource: the server responded with a status of 404 (Not Found) @ https://b1sync.zemanta.com/usersync/ogury/?gdpr=0&gdpr_consent=[GDPR_CONSENT]&cb=https%3A%2F%2Fms-cookie-sync.presage.io%2Fuser-sync%3Foutbrain_id%3D__ZUID__:0
[   16577ms] [ERROR] Failed to load resource: the server responded with a status of 404 (Not Found) @ https://b1sync.zemanta.com/usersync/ogury/?gdpr=0&gdpr_consent=&cb=https%3A%2F%2Fms-cookie-sync.presage.io%2Fuser-sync%3Foutbrain_id%3D__ZUID__:0
[   17216ms] [ERROR] Failed to load resource: the server responded with a status of 404 (Not Found) @ https://b1sync.zemanta.com/usersync/ogury/?gdpr=0&gdpr_consent=&cb=https%3A%2F%2Fms-cookie-sync.presage.io%2Fuser-sync%3Foutbrain_id%3D__ZUID__:0
[   17320ms] [ERROR] Failed to load resource: the server responded with a status of 404 (Not Found) @ https://b1sync.zemanta.com/usersync/ogury/?gdpr=0&gdpr_consent=&cb=https%3A%2F%2Fms-cookie-sync.presage.io%2Fuser-sync%3Foutbrain_id%3D__ZUID__:0
[   17756ms] [ERROR] Failed to load resource: net::ERR_HTTP2_SERVER_REFUSED_STREAM @ https://cs.admanmedia.com/2e2cd80ed2c36fa49cf9580703081ade.gif?puid=8810b08b-35f3-434d-9947-5da68e12e5fd&redir=https%3A%2F%2Fms-cookie-sync.presage.io%2Fuser-sync%3Fillumin_id%3D%5BUID%5D%26gdpr%3D0%26gdpr_consent%3D&gdpr=0&gdpr_consent=:0
[   18147ms] [ERROR] Failed to load resource: the server responded with a status of 404 (Not Found) @ https://b1sync.zemanta.com/usersync/ogury/?gdpr=0&gdpr_consent=&cb=https%3A%2F%2Fms-cookie-sync.presage.io%2Fuser-sync%3Foutbrain_id%3D__ZUID__:0
[   18247ms] [ERROR] Failed to load resource: the server responded with a status of 404 (Not Found) @ https://b1sync.zemanta.com/usersync/ogury/?gdpr=0&gdpr_consent=&cb=https%3A%2F%2Fms-cookie-sync.presage.io%2Fuser-sync%3Foutbrain_id%3D__ZUID__:0
[   18836ms] [ERROR] Failed to load resource: the server responded with a status of 400 () @ https://cs.ingage.tech/v1/sync/equative/24fc348d-32aa-4ebe-862b-25408c39363a?uid=:0
[   15780ms] [ERROR] Failed to load resource: the server responded with a status of 400 () @ https://ssc-cms.33across.com/ps/?m=xch&rt=html&gdpr=0&gdpr_consent=[GDPR_CONSENT]&us_privacy=&ru=https%3A%2F%2Fcookies.nextmillmedia.com%2Fsetuid%3Fbidder%3D33across%26nmuid%3D%26gdpr%3D0%26gdpr_consent%3D%5BGDPR_CONSENT%5D%26us_privacy%3D%26uid%3D33XUSERID33X&id=zzz000000000002zzz:0
[   16277ms] [ERROR] Failed to load resource: the server responded with a status of 400 () @ https://ssc-cms.33across.com/ps/?m=xch&rt=html&gdpr=0&gdpr_consent=[GDPR_CONSENT]&us_privacy=&ru=https%3A%2F%2Fcookies.nextmillmedia.com%2Fsetuid%3Fbidder%3D33across%26nmuid%3D731ec583-bcf0-4ffb-a9f4-9d3c9ad42576%26gdpr%3D0%26gdpr_consent%3D%5BGDPR_CONSENT%5D%26us_privacy%3D%26uid%3D33XUSERID33X&id=zzz000000000002zzz:0
[   13138ms] [ERROR] Failed to load resource: the server responded with a status of 404 (Not Found) @ https://b1sync.zemanta.com/usersync/ogury/?gdpr=0&gdpr_consent=&cb=https%3A%2F%2Fms-cookie-sync.presage.io%2Fuser-sync%3Foutbrain_id%3D__ZUID__:0
[   15006ms] [ERROR] Failed to load resource: the server responded with a status of 404 (Not Found) @ https://b1sync.zemanta.com/usersync/ogury/?gdpr=0&gdpr_consent=[GDPR_CONSENT]&cb=https%3A%2F%2Fms-cookie-sync.presage.io%2Fuser-sync%3Foutbrain_id%3D__ZUID__:0
[   16577ms] [ERROR] Failed to load resource: the server responded with a status of 404 (Not Found) @ https://b1sync.zemanta.com/usersync/ogury/?gdpr=0&gdpr_consent=&cb=https%3A%2F%2Fms-cookie-sync.presage.io%2Fuser-sync%3Foutbrain_id%3D__ZUID__:0
[   17216ms] [ERROR] Failed to load resource: the server responded with a status of 404 (Not Found) @ https://b1sync.zemanta.com/usersync/ogury/?gdpr=0&gdpr_consent=&cb=https%3A%2F%2Fms-cookie-sync.presage.io%2Fuser-sync%3Foutbrain_id%3D__ZUID__:0
[   17320ms] [ERROR] Failed to load resource: the server responded with a status of 404 (Not Found) @ https://b1sync.zemanta.com/usersync/ogury/?gdpr=0&gdpr_consent=&cb=https%3A%2F%2Fms-cookie-sync.presage.io%2Fuser-sync%3Foutbrain_id%3D__ZUID__:0
[   17756ms] [ERROR] Failed to load resource: net::ERR_HTTP2_SERVER_REFUSED_STREAM @ https://cs.admanmedia.com/2e2cd80ed2c36fa49cf9580703081ade.gif?puid=8810b08b-35f3-434d-9947-5da68e12e5fd&redir=https%3A%2F%2Fms-cookie-sync.presage.io%2Fuser-sync%3Fillumin_id%3D%5BUID%5D%26gdpr%3D0%26gdpr_consent%3D&gdpr=0&gdpr_consent=:0
[   18147ms] [ERROR] Failed to load resource: the server responded with a status of 404 (Not Found) @ https://b1sync.zemanta.com/usersync/ogury/?gdpr=0&gdpr_consent=&cb=https%3A%2F%2Fms-cookie-sync.presage.io%2Fuser-sync%3Foutbrain_id%3D__ZUID__:0
[   18247ms] [ERROR] Failed to load resource: the server responded with a status of 404 (Not Found) @ https://b1sync.zemanta.com/usersync/ogury/?gdpr=0&gdpr_consent=&cb=https%3A%2F%2Fms-cookie-sync.presage.io%2Fuser-sync%3Foutbrain_id%3D__ZUID__:0
[   16433ms] [ERROR] Failed to load resource: net::ERR_NAME_NOT_RESOLVED @ https://cs.iqzone.com/6f0476ca45e1d6b67e3ee8d57532a022.gif?redir=https%3A%2F%2Fsync.cootlogix.com%2Fapi%2Fcookie%3FpartnerId%3Diqzone%26gdpr%3D0%26gdpr_consent%3D%5BGDPR_CONSENT%5D%26us_privacy%3D%26userId%3D%5BUID%5D&gdpr=0&gdpr_consent=%5BGDPR_CONSENT%5D&ccpa=:0
[   17326ms] [ERROR] Failed to load resource: net::ERR_NAME_NOT_RESOLVED @ https://cs.iqzone.com/6f0476ca45e1d6b67e3ee8d57532a022.gif?redir=https%3A%2F%2Fsync.cootlogix.com%2Fapi%2Fcookie%3FpartnerId%3Diqzone%26gdpr%3D%26gdpr_consent%3D%26us_privacy%3D%26userId%3D%5BUID%5D&gdpr=&gdpr_consent=&ccpa=:0
[   17477ms] [ERROR] Failed to load resource: net::ERR_NAME_NOT_RESOLVED @ https://cs.iqzone.com/6f0476ca45e1d6b67e3ee8d57532a022.gif?redir=https%3A%2F%2Fsync.cootlogix.com%2Fapi%2Fcookie%3FpartnerId%3Diqzone%26gdpr%3D%26gdpr_consent%3D%26us_privacy%3D%26userId%3D%5BUID%5D&gdpr=&gdpr_consent=&ccpa=:0
[   17824ms] [ERROR] Failed to load resource: the server responded with a status of 400 (Bad Request) @ https://us4.shb-sync.com/a760a5a7-e35e-49b8-9f5e-723455346741.gif?puid=3cba453f-139b-3269-b8c8-62cbca9f57e5&gdpr=&gdpr_consent=ccpa=:0
[   17959ms] [ERROR] Failed to load resource: the server responded with a status of 400 (Bad Request) @ https://us4.shb-sync.com/a760a5a7-e35e-49b8-9f5e-723455346741.gif?puid=3cba453f-139b-3269-b8c8-62cbca9f57e5&gdpr=&gdpr_consent=ccpa=:0
[   18385ms] [ERROR] Failed to load resource: net::ERR_NAME_NOT_RESOLVED @ https://cs.iqzone.com/6f0476ca45e1d6b67e3ee8d57532a022.gif?redir=https%3A%2F%2Fsync.cootlogix.com%2Fapi%2Fcookie%3FpartnerId%3Diqzone%26gdpr%3D%26gdpr_consent%3D%26us_privacy%3D%26userId%3D%5BUID%5D&gdpr=&gdpr_consent=&ccpa=:0
[   18481ms] [ERROR] Failed to load resource: the server responded with a status of 400 (Bad Request) @ https://us4.shb-sync.com/a760a5a7-e35e-49b8-9f5e-723455346741.gif?puid=3cba453f-139b-3269-b8c8-62cbca9f57e5&gdpr=&gdpr_consent=ccpa=:0
[   18526ms] [ERROR] Failed to load resource: net::ERR_NAME_NOT_RESOLVED @ https://cs.iqzone.com/6f0476ca45e1d6b67e3ee8d57532a022.gif?redir=https%3A%2F%2Fsync.cootlogix.com%2Fapi%2Fcookie%3FpartnerId%3Diqzone%26gdpr%3D%26gdpr_consent%3D%26us_privacy%3D%26userId%3D%5BUID%5D&gdpr=&gdpr_consent=&ccpa=:0
[   18576ms] [ERROR] Failed to load resource: the server responded with a status of 400 (Bad Request) @ https://us4.shb-sync.com/a760a5a7-e35e-49b8-9f5e-723455346741.gif?puid=3cba453f-139b-3269-b8c8-62cbca9f57e5&gdpr=&gdpr_consent=ccpa=:0
[   18682ms] [ERROR] Failed to load resource: the server responded with a status of 400 (Bad Request) @ https://us4.shb-sync.com/a760a5a7-e35e-49b8-9f5e-723455346741.gif?puid=3cba453f-139b-3269-b8c8-62cbca9f57e5&gdpr=&gdpr_consent=ccpa=:0
[   18683ms] [ERROR] Failed to load resource: net::ERR_NAME_NOT_RESOLVED @ https://cs.iqzone.com/6f0476ca45e1d6b67e3ee8d57532a022.gif?redir=https%3A%2F%2Fsync.cootlogix.com%2Fapi%2Fcookie%3FpartnerId%3Diqzone%26gdpr%3D%26gdpr_consent%3D%26us_privacy%3D%26userId%3D%5BUID%5D&gdpr=&gdpr_consent=&ccpa=:0
[   17757ms] [ERROR] Failed to load resource: net::ERR_HTTP2_SERVER_REFUSED_STREAM @ https://cs.admanmedia.com/94fd017f496d404a25fc5546f959bf2f.gif?gdpr=&gdpr_consent=&us_privacy=&redir=https%3A%2F%2Fsync.kueezrtb.com%2Fapi%2Fcookie%3FpartnerId%3Dkueez-acuity%26gdpr%3D%26gdpr_consent%3D%26us_privacy%3D%26userId%3D%5BUID%5D:0
[   18779ms] [ERROR] Failed to load resource: net::ERR_HTTP2_SERVER_REFUSED_STREAM @ https://cs.admanmedia.com/94fd017f496d404a25fc5546f959bf2f.gif?gdpr=0&gdpr_consent=&us_privacy=&redir=https%3A%2F%2Fsync.kueezrtb.com%2Fapi%2Fcookie%3FpartnerId%3Dkueez-acuity%26gdpr%3D0%26gdpr_consent%3D%26us_privacy%3D%26userId%3D%5BUID%5D:0
[   15723ms] [ERROR] Failed to load resource: the server responded with a status of 400 (Bad Request) @ https://sync.adkernel.com/user-sync?zone=252325&gdpr=0&gdpr_consent=[GDPR_CONSENT]&us_privacy=&t=image&r=https%3A%2F%2Fittpx.eskimi.com%2Fsync%3Fdp_id%3D52%26gdpr%3D0%26gdpr_consent%3D[GDPR_CONSENT]%26us_privacy%3D%26user_id%3D%7BUID%7D:0
[   16757ms] [ERROR] Failed to load resource: the server responded with a status of 400 (Bad Request) @ https://sync.adkernel.com/user-sync?zone=252325&gdpr=0&gdpr_consent=[GDPR_CONSENT]&us_privacy=&t=image&r=https%3A%2F%2Fittpx.eskimi.com%2Fsync%3Fdp_id%3D52%26gdpr%3D0%26gdpr_consent%3D[GDPR_CONSENT]%26us_privacy%3D%26user_id%3D%7BUID%7D:0
[   16930ms] [ERROR] Failed to load resource: the server responded with a status of 400 (Bad Request) @ https://sync.adkernel.com/user-sync?zone=252325&gdpr=0&gdpr_consent=[GDPR_CONSENT]&us_privacy=&t=image&r=https%3A%2F%2Fittpx.eskimi.com%2Fsync%3Fdp_id%3D52%26gdpr%3D0%26gdpr_consent%3D[GDPR_CONSENT]%26us_privacy%3D%26user_id%3D%7BUID%7D:0
[   15780ms] [ERROR] Failed to load resource: the server responded with a status of 400 () @ https://ssc-cms.33across.com/ps/?m=xch&rt=html&gdpr=0&gdpr_consent=[GDPR_CONSENT]&us_privacy=&ru=https%3A%2F%2Fcookies.nextmillmedia.com%2Fsetuid%3Fbidder%3D33across%26nmuid%3D%26gdpr%3D0%26gdpr_consent%3D%5BGDPR_CONSENT%5D%26us_privacy%3D%26uid%3D33XUSERID33X&id=zzz000000000002zzz:0
[   16277ms] [ERROR] Failed to load resource: the server responded with a status of 400 () @ https://ssc-cms.33across.com/ps/?m=xch&rt=html&gdpr=0&gdpr_consent=[GDPR_CONSENT]&us_privacy=&ru=https%3A%2F%2Fcookies.nextmillmedia.com%2Fsetuid%3Fbidder%3D33across%26nmuid%3D731ec583-bcf0-4ffb-a9f4-9d3c9ad42576%26gdpr%3D0%26gdpr_consent%3D%5BGDPR_CONSENT%5D%26us_privacy%3D%26uid%3D33XUSERID33X&id=zzz000000000002zzz:0
[   12931ms] [ERROR] Failed to load resource: the server responded with a status of 404 () @ https://id5-sync.com/k/264.gif?puid=fb67a898-3320-4df7-a400-10f4514e5362&ttl=%%TTL%%:0
[   19008ms] [ERROR] Failed to load resource: the server responded with a status of 404 (Not Found) @ https://b1sync.zemanta.com/usersync/ogury/?gdpr=0&gdpr_consent=&cb=https%3A%2F%2Fms-cookie-sync.presage.io%2Fuser-sync%3Foutbrain_id%3D__ZUID__:0
[   15780ms] [ERROR] Failed to load resource: the server responded with a status of 400 () @ https://ssc-cms.33across.com/ps/?m=xch&rt=html&gdpr=0&gdpr_consent=[GDPR_CONSENT]&us_privacy=&ru=https%3A%2F%2Fcookies.nextmillmedia.com%2Fsetuid%3Fbidder%3D33across%26nmuid%3D%26gdpr%3D0%26gdpr_consent%3D%5BGDPR_CONSENT%5D%26us_privacy%3D%26uid%3D33XUSERID33X&id=zzz000000000002zzz:0
[   16277ms] [ERROR] Failed to load resource: the server responded with a status of 400 () @ https://ssc-cms.33across.com/ps/?m=xch&rt=html&gdpr=0&gdpr_consent=[GDPR_CONSENT]&us_privacy=&ru=https%3A%2F%2Fcookies.nextmillmedia.com%2Fsetuid%3Fbidder%3D33across%26nmuid%3D731ec583-bcf0-4ffb-a9f4-9d3c9ad42576%26gdpr%3D0%26gdpr_consent%3D%5BGDPR_CONSENT%5D%26us_privacy%3D%26uid%3D33XUSERID33X&id=zzz000000000002zzz:0
[   19111ms] [ERROR] Failed to load resource: net::ERR_HTTP2_SERVER_REFUSED_STREAM @ https://cs.admanmedia.com/73c1e1bfc3bde354d60b80e601ae3914.gif?puid=[UID]&redir=https%3A%2F%2Fonetag-sys.com%2Fmatch%2F%3Fint_id%3D164%26gdpr%3D1%26gdpr_consent%3D%26uid%3D%5BUID%5D&gdpr=1&gdpr_consent=&ccpa=&coppa=:0
[   19112ms] [ERROR] Failed to load resource: the server responded with a status of 404 () @ https://cs.admanmedia.com/94fd017f496d404a25fc5546f959bf2f.gif?gdpr=0&gdpr_consent=&us_privacy=&redir=https%3A%2F%2Fsync.kueezrtb.com%2Fapi%2Fcookie%3FpartnerId%3Dkueez-acuity%26gdpr%3D0%26gdpr_consent%3D%26us_privacy%3D%26userId%3D%5BUID%5D:0
[   13138ms] [ERROR] Failed to load resource: the server responded with a status of 404 (Not Found) @ https://b1sync.zemanta.com/usersync/ogury/?gdpr=0&gdpr_consent=&cb=https%3A%2F%2Fms-cookie-sync.presage.io%2Fuser-sync%3Foutbrain_id%3D__ZUID__:0
[   15006ms] [ERROR] Failed to load resource: the server responded with a status of 404 (Not Found) @ https://b1sync.zemanta.com/usersync/ogury/?gdpr=0&gdpr_consent=[GDPR_CONSENT]&cb=https%3A%2F%2Fms-cookie-sync.presage.io%2Fuser-sync%3Foutbrain_id%3D__ZUID__:0
[   16577ms] [ERROR] Failed to load resource: the server responded with a status of 404 (Not Found) @ https://b1sync.zemanta.com/usersync/ogury/?gdpr=0&gdpr_consent=&cb=https%3A%2F%2Fms-cookie-sync.presage.io%2Fuser-sync%3Foutbrain_id%3D__ZUID__:0
[   17216ms] [ERROR] Failed to load resource: the server responded with a status of 404 (Not Found) @ https://b1sync.zemanta.com/usersync/ogury/?gdpr=0&gdpr_consent=&cb=https%3A%2F%2Fms-cookie-sync.presage.io%2Fuser-sync%3Foutbrain_id%3D__ZUID__:0
[   17320ms] [ERROR] Failed to load resource: the server responded with a status of 404 (Not Found) @ https://b1sync.zemanta.com/usersync/ogury/?gdpr=0&gdpr_consent=&cb=https%3A%2F%2Fms-cookie-sync.presage.io%2Fuser-sync%3Foutbrain_id%3D__ZUID__:0
[   17756ms] [ERROR] Failed to load resource: net::ERR_HTTP2_SERVER_REFUSED_STREAM @ https://cs.admanmedia.com/2e2cd80ed2c36fa49cf9580703081ade.gif?puid=8810b08b-35f3-434d-9947-5da68e12e5fd&redir=https%3A%2F%2Fms-cookie-sync.presage.io%2Fuser-sync%3Fillumin_id%3D%5BUID%5D%26gdpr%3D0%26gdpr_consent%3D&gdpr=0&gdpr_consent=:0
[   18147ms] [ERROR] Failed to load resource: the server responded with a status of 404 (Not Found) @ https://b1sync.zemanta.com/usersync/ogury/?gdpr=0&gdpr_consent=&cb=https%3A%2F%2Fms-cookie-sync.presage.io%2Fuser-sync%3Foutbrain_id%3D__ZUID__:0
[   18247ms] [ERROR] Failed to load resource: the server responded with a status of 404 (Not Found) @ https://b1sync.zemanta.com/usersync/ogury/?gdpr=0&gdpr_consent=&cb=https%3A%2F%2Fms-cookie-sync.presage.io%2Fuser-sync%3Foutbrain_id%3D__ZUID__:0
[   19008ms] [ERROR] Failed to load resource: the server responded with a status of 404 (Not Found) @ https://b1sync.zemanta.com/usersync/ogury/?gdpr=0&gdpr_consent=&cb=https%3A%2F%2Fms-cookie-sync.presage.io%2Fuser-sync%3Foutbrain_id%3D__ZUID__:0
[   16433ms] [ERROR] Failed to load resource: net::ERR_NAME_NOT_RESOLVED @ https://cs.iqzone.com/6f0476ca45e1d6b67e3ee8d57532a022.gif?redir=https%3A%2F%2Fsync.cootlogix.com%2Fapi%2Fcookie%3FpartnerId%3Diqzone%26gdpr%3D0%26gdpr_consent%3D%5BGDPR_CONSENT%5D%26us_privacy%3D%26userId%3D%5BUID%5D&gdpr=0&gdpr_consent=%5BGDPR_CONSENT%5D&ccpa=:0
[   17326ms] [ERROR] Failed to load resource: net::ERR_NAME_NOT_RESOLVED @ https://cs.iqzone.com/6f0476ca45e1d6b67e3ee8d57532a022.gif?redir=https%3A%2F%2Fsync.cootlogix.com%2Fapi%2Fcookie%3FpartnerId%3Diqzone%26gdpr%3D%26gdpr_consent%3D%26us_privacy%3D%26userId%3D%5BUID%5D&gdpr=&gdpr_consent=&ccpa=:0
[   17477ms] [ERROR] Failed to load resource: net::ERR_NAME_NOT_RESOLVED @ https://cs.iqzone.com/6f0476ca45e1d6b67e3ee8d57532a022.gif?redir=https%3A%2F%2Fsync.cootlogix.com%2Fapi%2Fcookie%3FpartnerId%3Diqzone%26gdpr%3D%26gdpr_consent%3D%26us_privacy%3D%26userId%3D%5BUID%5D&gdpr=&gdpr_consent=&ccpa=:0
[   17824ms] [ERROR] Failed to load resource: the server responded with a status of 400 (Bad Request) @ https://us4.shb-sync.com/a760a5a7-e35e-49b8-9f5e-723455346741.gif?puid=3cba453f-139b-3269-b8c8-62cbca9f57e5&gdpr=&gdpr_consent=ccpa=:0
[   17959ms] [ERROR] Failed to load resource: the server responded with a status of 400 (Bad Request) @ https://us4.shb-sync.com/a760a5a7-e35e-49b8-9f5e-723455346741.gif?puid=3cba453f-139b-3269-b8c8-62cbca9f57e5&gdpr=&gdpr_consent=ccpa=:0
[   18385ms] [ERROR] Failed to load resource: net::ERR_NAME_NOT_RESOLVED @ https://cs.iqzone.com/6f0476ca45e1d6b67e3ee8d57532a022.gif?redir=https%3A%2F%2Fsync.cootlogix.com%2Fapi%2Fcookie%3FpartnerId%3Diqzone%26gdpr%3D%26gdpr_consent%3D%26us_privacy%3D%26userId%3D%5BUID%5D&gdpr=&gdpr_consent=&ccpa=:0
[   18481ms] [ERROR] Failed to load resource: the server responded with a status of 400 (Bad Request) @ https://us4.shb-sync.com/a760a5a7-e35e-49b8-9f5e-723455346741.gif?puid=3cba453f-139b-3269-b8c8-62cbca9f57e5&gdpr=&gdpr_consent=ccpa=:0
[   18526ms] [ERROR] Failed to load resource: net::ERR_NAME_NOT_RESOLVED @ https://cs.iqzone.com/6f0476ca45e1d6b67e3ee8d57532a022.gif?redir=https%3A%2F%2Fsync.cootlogix.com%2Fapi%2Fcookie%3FpartnerId%3Diqzone%26gdpr%3D%26gdpr_consent%3D%26us_privacy%3D%26userId%3D%5BUID%5D&gdpr=&gdpr_consent=&ccpa=:0
[   18576ms] [ERROR] Failed to load resource: the server responded with a status of 400 (Bad Request) @ https://us4.shb-sync.com/a760a5a7-e35e-49b8-9f5e-723455346741.gif?puid=3cba453f-139b-3269-b8c8-62cbca9f57e5&gdpr=&gdpr_consent=ccpa=:0
[   18682ms] [ERROR] Failed to load resource: the server responded with a status of 400 (Bad Request) @ https://us4.shb-sync.com/a760a5a7-e35e-49b8-9f5e-723455346741.gif?puid=3cba453f-139b-3269-b8c8-62cbca9f57e5&gdpr=&gdpr_consent=ccpa=:0
[   18683ms] [ERROR] Failed to load resource: net::ERR_NAME_NOT_RESOLVED @ https://cs.iqzone.com/6f0476ca45e1d6b67e3ee8d57532a022.gif?redir=https%3A%2F%2Fsync.cootlogix.com%2Fapi%2Fcookie%3FpartnerId%3Diqzone%26gdpr%3D%26gdpr_consent%3D%26us_privacy%3D%26userId%3D%5BUID%5D&gdpr=&gdpr_consent=&ccpa=:0
[   16433ms] [ERROR] Failed to load resource: net::ERR_NAME_NOT_RESOLVED @ https://cs.iqzone.com/6f0476ca45e1d6b67e3ee8d57532a022.gif?redir=https%3A%2F%2Fsync.cootlogix.com%2Fapi%2Fcookie%3FpartnerId%3Diqzone%26gdpr%3D0%26gdpr_consent%3D%5BGDPR_CONSENT%5D%26us_privacy%3D%26userId%3D%5BUID%5D&gdpr=0&gdpr_consent=%5BGDPR_CONSENT%5D&ccpa=:0
[   17326ms] [ERROR] Failed to load resource: net::ERR_NAME_NOT_RESOLVED @ https://cs.iqzone.com/6f0476ca45e1d6b67e3ee8d57532a022.gif?redir=https%3A%2F%2Fsync.cootlogix.com%2Fapi%2Fcookie%3FpartnerId%3Diqzone%26gdpr%3D%26gdpr_consent%3D%26us_privacy%3D%26userId%3D%5BUID%5D&gdpr=&gdpr_consent=&ccpa=:0
[   17477ms] [ERROR] Failed to load resource: net::ERR_NAME_NOT_RESOLVED @ https://cs.iqzone.com/6f0476ca45e1d6b67e3ee8d57532a022.gif?redir=https%3A%2F%2Fsync.cootlogix.com%2Fapi%2Fcookie%3FpartnerId%3Diqzone%26gdpr%3D%26gdpr_consent%3D%26us_privacy%3D%26userId%3D%5BUID%5D&gdpr=&gdpr_consent=&ccpa=:0
[   17824ms] [ERROR] Failed to load resource: the server responded with a status of 400 (Bad Request) @ https://us4.shb-sync.com/a760a5a7-e35e-49b8-9f5e-723455346741.gif?puid=3cba453f-139b-3269-b8c8-62cbca9f57e5&gdpr=&gdpr_consent=ccpa=:0
[   17959ms] [ERROR] Failed to load resource: the server responded with a status of 400 (Bad Request) @ https://us4.shb-sync.com/a760a5a7-e35e-49b8-9f5e-723455346741.gif?puid=3cba453f-139b-3269-b8c8-62cbca9f57e5&gdpr=&gdpr_consent=ccpa=:0
[   18385ms] [ERROR] Failed to load resource: net::ERR_NAME_NOT_RESOLVED @ https://cs.iqzone.com/6f0476ca45e1d6b67e3ee8d57532a022.gif?redir=https%3A%2F%2Fsync.cootlogix.com%2Fapi%2Fcookie%3FpartnerId%3Diqzone%26gdpr%3D%26gdpr_consent%3D%26us_privacy%3D%26userId%3D%5BUID%5D&gdpr=&gdpr_consent=&ccpa=:0
[   18481ms] [ERROR] Failed to load resource: the server responded with a status of 400 (Bad Request) @ https://us4.shb-sync.com/a760a5a7-e35e-49b8-9f5e-723455346741.gif?puid=3cba453f-139b-3269-b8c8-62cbca9f57e5&gdpr=&gdpr_consent=ccpa=:0
[   18526ms] [ERROR] Failed to load resource: net::ERR_NAME_NOT_RESOLVED @ https://cs.iqzone.com/6f0476ca45e1d6b67e3ee8d57532a022.gif?redir=https%3A%2F%2Fsync.cootlogix.com%2Fapi%2Fcookie%3FpartnerId%3Diqzone%26gdpr%3D%26gdpr_consent%3D%26us_privacy%3D%26userId%3D%5BUID%5D&gdpr=&gdpr_consent=&ccpa=:0
[   18576ms] [ERROR] Failed to load resource: the server responded with a status of 400 (Bad Request) @ https://us4.shb-sync.com/a760a5a7-e35e-49b8-9f5e-723455346741.gif?puid=3cba453f-139b-3269-b8c8-62cbca9f57e5&gdpr=&gdpr_consent=ccpa=:0
[   18682ms] [ERROR] Failed to load resource: the server responded with a status of 400 (Bad Request) @ https://us4.shb-sync.com/a760a5a7-e35e-49b8-9f5e-723455346741.gif?puid=3cba453f-139b-3269-b8c8-62cbca9f57e5&gdpr=&gdpr_consent=ccpa=:0
[   18683ms] [ERROR] Failed to load resource: net::ERR_NAME_NOT_RESOLVED @ https://cs.iqzone.com/6f0476ca45e1d6b67e3ee8d57532a022.gif?redir=https%3A%2F%2Fsync.cootlogix.com%2Fapi%2Fcookie%3FpartnerId%3Diqzone%26gdpr%3D%26gdpr_consent%3D%26us_privacy%3D%26userId%3D%5BUID%5D&gdpr=&gdpr_consent=&ccpa=:0
[   12931ms] [ERROR] Failed to load resource: the server responded with a status of 404 () @ https://id5-sync.com/k/264.gif?puid=fb67a898-3320-4df7-a400-10f4514e5362&ttl=%%TTL%%:0
[   13644ms] [ERROR] Failed to load resource: the server responded with a status of 403 () @ https://elb.the-ozone-project.com/usersync-api/v1/getuid?&gdpr=0&gdpr_consent=[USER_CONSENT]&redirect=https%3A%2F%2Feu-u.openx.net%2Fw%2F1.0%2Fsd%3Fid%3D564903529%26val%3D%7B%7Buid%7D%7D:0
[   13767ms] [ERROR] Failed to load resource: net::ERR_NAME_NOT_RESOLVED @ https://px.owneriq.net/eox:0
[   19430ms] [ERROR] Failed to load resource: net::ERR_NAME_NOT_RESOLVED @ https://cs.iqzone.com/6f0476ca45e1d6b67e3ee8d57532a022.gif?redir=https%3A%2F%2Fsync.cootlogix.com%2Fapi%2Fcookie%3FpartnerId%3Diqzone%26gdpr%3D%26gdpr_consent%3D%26us_privacy%3D%26userId%3D%5BUID%5D&gdpr=&gdpr_consent=&ccpa=:0
[   16433ms] [ERROR] Failed to load resource: net::ERR_NAME_NOT_RESOLVED @ https://cs.iqzone.com/6f0476ca45e1d6b67e3ee8d57532a022.gif?redir=https%3A%2F%2Fsync.cootlogix.com%2Fapi%2Fcookie%3FpartnerId%3Diqzone%26gdpr%3D0%26gdpr_consent%3D%5BGDPR_CONSENT%5D%26us_privacy%3D%26userId%3D%5BUID%5D&gdpr=0&gdpr_consent=%5BGDPR_CONSENT%5D&ccpa=:0
[   17326ms] [ERROR] Failed to load resource: net::ERR_NAME_NOT_RESOLVED @ https://cs.iqzone.com/6f0476ca45e1d6b67e3ee8d57532a022.gif?redir=https%3A%2F%2Fsync.cootlogix.com%2Fapi%2Fcookie%3FpartnerId%3Diqzone%26gdpr%3D%26gdpr_consent%3D%26us_privacy%3D%26userId%3D%5BUID%5D&gdpr=&gdpr_consent=&ccpa=:0
[   17477ms] [ERROR] Failed to load resource: net::ERR_NAME_NOT_RESOLVED @ https://cs.iqzone.com/6f0476ca45e1d6b67e3ee8d57532a022.gif?redir=https%3A%2F%2Fsync.cootlogix.com%2Fapi%2Fcookie%3FpartnerId%3Diqzone%26gdpr%3D%26gdpr_consent%3D%26us_privacy%3D%26userId%3D%5BUID%5D&gdpr=&gdpr_consent=&ccpa=:0
[   17824ms] [ERROR] Failed to load resource: the server responded with a status of 400 (Bad Request) @ https://us4.shb-sync.com/a760a5a7-e35e-49b8-9f5e-723455346741.gif?puid=3cba453f-139b-3269-b8c8-62cbca9f57e5&gdpr=&gdpr_consent=ccpa=:0
[   17959ms] [ERROR] Failed to load resource: the server responded with a status of 400 (Bad Request) @ https://us4.shb-sync.com/a760a5a7-e35e-49b8-9f5e-723455346741.gif?puid=3cba453f-139b-3269-b8c8-62cbca9f57e5&gdpr=&gdpr_consent=ccpa=:0
[   18385ms] [ERROR] Failed to load resource: net::ERR_NAME_NOT_RESOLVED @ https://cs.iqzone.com/6f0476ca45e1d6b67e3ee8d57532a022.gif?redir=https%3A%2F%2Fsync.cootlogix.com%2Fapi%2Fcookie%3FpartnerId%3Diqzone%26gdpr%3D%26gdpr_consent%3D%26us_privacy%3D%26userId%3D%5BUID%5D&gdpr=&gdpr_consent=&ccpa=:0
[   18481ms] [ERROR] Failed to load resource: the server responded with a status of 400 (Bad Request) @ https://us4.shb-sync.com/a760a5a7-e35e-49b8-9f5e-723455346741.gif?puid=3cba453f-139b-3269-b8c8-62cbca9f57e5&gdpr=&gdpr_consent=ccpa=:0
[   18526ms] [ERROR] Failed to load resource: net::ERR_NAME_NOT_RESOLVED @ https://cs.iqzone.com/6f0476ca45e1d6b67e3ee8d57532a022.gif?redir=https%3A%2F%2Fsync.cootlogix.com%2Fapi%2Fcookie%3FpartnerId%3Diqzone%26gdpr%3D%26gdpr_consent%3D%26us_privacy%3D%26userId%3D%5BUID%5D&gdpr=&gdpr_consent=&ccpa=:0
[   18576ms] [ERROR] Failed to load resource: the server responded with a status of 400 (Bad Request) @ https://us4.shb-sync.com/a760a5a7-e35e-49b8-9f5e-723455346741.gif?puid=3cba453f-139b-3269-b8c8-62cbca9f57e5&gdpr=&gdpr_consent=ccpa=:0
[   18682ms] [ERROR] Failed to load resource: the server responded with a status of 400 (Bad Request) @ https://us4.shb-sync.com/a760a5a7-e35e-49b8-9f5e-723455346741.gif?puid=3cba453f-139b-3269-b8c8-62cbca9f57e5&gdpr=&gdpr_consent=ccpa=:0
[   18683ms] [ERROR] Failed to load resource: net::ERR_NAME_NOT_RESOLVED @ https://cs.iqzone.com/6f0476ca45e1d6b67e3ee8d57532a022.gif?redir=https%3A%2F%2Fsync.cootlogix.com%2Fapi%2Fcookie%3FpartnerId%3Diqzone%26gdpr%3D%26gdpr_consent%3D%26us_privacy%3D%26userId%3D%5BUID%5D&gdpr=&gdpr_consent=&ccpa=:0
[   19430ms] [ERROR] Failed to load resource: net::ERR_NAME_NOT_RESOLVED @ https://cs.iqzone.com/6f0476ca45e1d6b67e3ee8d57532a022.gif?redir=https%3A%2F%2Fsync.cootlogix.com%2Fapi%2Fcookie%3FpartnerId%3Diqzone%26gdpr%3D%26gdpr_consent%3D%26us_privacy%3D%26userId%3D%5BUID%5D&gdpr=&gdpr_consent=&ccpa=:0
[   19536ms] [ERROR] Failed to load resource: the server responded with a status of 400 (Bad Request) @ https://us4.shb-sync.com/a760a5a7-e35e-49b8-9f5e-723455346741.gif?puid=3cba453f-139b-3269-b8c8-62cbca9f57e5&gdpr=&gdpr_consent=ccpa=:0
[   16433ms] [ERROR] Failed to load resource: net::ERR_NAME_NOT_RESOLVED @ https://cs.iqzone.com/6f0476ca45e1d6b67e3ee8d57532a022.gif?redir=https%3A%2F%2Fsync.cootlogix.com%2Fapi%2Fcookie%3FpartnerId%3Diqzone%26gdpr%3D0%26gdpr_consent%3D%5BGDPR_CONSENT%5D%26us_privacy%3D%26userId%3D%5BUID%5D&gdpr=0&gdpr_consent=%5BGDPR_CONSENT%5D&ccpa=:0
[   17326ms] [ERROR] Failed to load resource: net::ERR_NAME_NOT_RESOLVED @ https://cs.iqzone.com/6f0476ca45e1d6b67e3ee8d57532a022.gif?redir=https%3A%2F%2Fsync.cootlogix.com%2Fapi%2Fcookie%3FpartnerId%3Diqzone%26gdpr%3D%26gdpr_consent%3D%26us_privacy%3D%26userId%3D%5BUID%5D&gdpr=&gdpr_consent=&ccpa=:0
[   17477ms] [ERROR] Failed to load resource: net::ERR_NAME_NOT_RESOLVED @ https://cs.iqzone.com/6f0476ca45e1d6b67e3ee8d57532a022.gif?redir=https%3A%2F%2Fsync.cootlogix.com%2Fapi%2Fcookie%3FpartnerId%3Diqzone%26gdpr%3D%26gdpr_consent%3D%26us_privacy%3D%26userId%3D%5BUID%5D&gdpr=&gdpr_consent=&ccpa=:0
[   17824ms] [ERROR] Failed to load resource: the server responded with a status of 400 (Bad Request) @ https://us4.shb-sync.com/a760a5a7-e35e-49b8-9f5e-723455346741.gif?puid=3cba453f-139b-3269-b8c8-62cbca9f57e5&gdpr=&gdpr_consent=ccpa=:0
[   17959ms] [ERROR] Failed to load resource: the server responded with a status of 400 (Bad Request) @ https://us4.shb-sync.com/a760a5a7-e35e-49b8-9f5e-723455346741.gif?puid=3cba453f-139b-3269-b8c8-62cbca9f57e5&gdpr=&gdpr_consent=ccpa=:0
[   18385ms] [ERROR] Failed to load resource: net::ERR_NAME_NOT_RESOLVED @ https://cs.iqzone.com/6f0476ca45e1d6b67e3ee8d57532a022.gif?redir=https%3A%2F%2Fsync.cootlogix.com%2Fapi%2Fcookie%3FpartnerId%3Diqzone%26gdpr%3D%26gdpr_consent%3D%26us_privacy%3D%26userId%3D%5BUID%5D&gdpr=&gdpr_consent=&ccpa=:0
[   18481ms] [ERROR] Failed to load resource: the server responded with a status of 400 (Bad Request) @ https://us4.shb-sync.com/a760a5a7-e35e-49b8-9f5e-723455346741.gif?puid=3cba453f-139b-3269-b8c8-62cbca9f57e5&gdpr=&gdpr_consent=ccpa=:0
[   18526ms] [ERROR] Failed to load resource: net::ERR_NAME_NOT_RESOLVED @ https://cs.iqzone.com/6f0476ca45e1d6b67e3ee8d57532a022.gif?redir=https%3A%2F%2Fsync.cootlogix.com%2Fapi%2Fcookie%3FpartnerId%3Diqzone%26gdpr%3D%26gdpr_consent%3D%26us_privacy%3D%26userId%3D%5BUID%5D&gdpr=&gdpr_consent=&ccpa=:0
[   18576ms] [ERROR] Failed to load resource: the server responded with a status of 400 (Bad Request) @ https://us4.shb-sync.com/a760a5a7-e35e-49b8-9f5e-723455346741.gif?puid=3cba453f-139b-3269-b8c8-62cbca9f57e5&gdpr=&gdpr_consent=ccpa=:0
[   18682ms] [ERROR] Failed to load resource: the server responded with a status of 400 (Bad Request) @ https://us4.shb-sync.com/a760a5a7-e35e-49b8-9f5e-723455346741.gif?puid=3cba453f-139b-3269-b8c8-62cbca9f57e5&gdpr=&gdpr_consent=ccpa=:0
[   18683ms] [ERROR] Failed to load resource: net::ERR_NAME_NOT_RESOLVED @ https://cs.iqzone.com/6f0476ca45e1d6b67e3ee8d57532a022.gif?redir=https%3A%2F%2Fsync.cootlogix.com%2Fapi%2Fcookie%3FpartnerId%3Diqzone%26gdpr%3D%26gdpr_consent%3D%26us_privacy%3D%26userId%3D%5BUID%5D&gdpr=&gdpr_consent=&ccpa=:0
[   19430ms] [ERROR] Failed to load resource: net::ERR_NAME_NOT_RESOLVED @ https://cs.iqzone.com/6f0476ca45e1d6b67e3ee8d57532a022.gif?redir=https%3A%2F%2Fsync.cootlogix.com%2Fapi%2Fcookie%3FpartnerId%3Diqzone%26gdpr%3D%26gdpr_consent%3D%26us_privacy%3D%26userId%3D%5BUID%5D&gdpr=&gdpr_consent=&ccpa=:0
[   19536ms] [ERROR] Failed to load resource: the server responded with a status of 400 (Bad Request) @ https://us4.shb-sync.com/a760a5a7-e35e-49b8-9f5e-723455346741.gif?puid=3cba453f-139b-3269-b8c8-62cbca9f57e5&gdpr=&gdpr_consent=ccpa=:0
[   16710ms] [ERROR] Failed to load resource: the server responded with a status of 400 () @ https://eb2.3lift.com/getuid?gdpr=0&gdpr_consent=&redir=https%3A%2F%2Fvisitor.us-west1.gcp.omnitagjs.com%2Fvisitor%2Fsync%3Fgdpr%3D0%26gdpr_consent%3D%26is_cookie_sync_uid%3D1%26name%3DTRIPLELIFT_cookie_sync%26ttl%3D720%26uid%3D771bebe2d6221e9ca65e16ebf8d2f6f3%26visitor%3D%24UID:0
[   16714ms] [ERROR] Failed to load resource: the server responded with a status of 400 () @ https://s.ad.smaato.net/c/?adExInit=1100060427&coppa=&gdpr=0&gdpr_consent=&gpp=&gpp_sid=&redir=https%3A%2F%2Fvisitor.us-west1.gcp.omnitagjs.com%2Fvisitor%2Fsync%3Fgdpr%3D0%26gdpr_consent%3D%26is_cookie_sync_uid%3D1%26name%3DVERVE_cookie_sync%26ttl%3D720%26uid%3D3d32cc9796b1314c86176074dd8f12bb%26usp%3D1---%26visitor%3D%24UID&usp=1---:0
[   16710ms] [ERROR] Failed to load resource: the server responded with a status of 400 () @ https://eb2.3lift.com/getuid?gdpr=0&gdpr_consent=&redir=https%3A%2F%2Fvisitor.us-west1.gcp.omnitagjs.com%2Fvisitor%2Fsync%3Fgdpr%3D0%26gdpr_consent%3D%26is_cookie_sync_uid%3D1%26name%3DTRIPLELIFT_cookie_sync%26ttl%3D720%26uid%3D771bebe2d6221e9ca65e16ebf8d2f6f3%26visitor%3D%24UID:0
[   16714ms] [ERROR] Failed to load resource: the server responded with a status of 400 () @ https://s.ad.smaato.net/c/?adExInit=1100060427&coppa=&gdpr=0&gdpr_consent=&gpp=&gpp_sid=&redir=https%3A%2F%2Fvisitor.us-west1.gcp.omnitagjs.com%2Fvisitor%2Fsync%3Fgdpr%3D0%26gdpr_consent%3D%26is_cookie_sync_uid%3D1%26name%3DVERVE_cookie_sync%26ttl%3D720%26uid%3D3d32cc9796b1314c86176074dd8f12bb%26usp%3D1---%26visitor%3D%24UID&usp=1---:0
[   12557ms] [ERROR] Failed to load resource: the server responded with a status of 424 (Failed Dependency) @ https://t.adx.opera.com/pub/sync?pubid=pub10101531197440&gdpr=1&gdpr_consent=:0
[   13961ms] [ERROR] Failed to load resource: the server responded with a status of 424 (Failed Dependency) @ https://t.adx.opera.com/pub/sync?pubid=pub10101531197440&gdpr=1&gdpr_consent=:0
[   17461ms] [ERROR] Failed to load resource: the server responded with a status of 424 (Failed Dependency) @ https://t.adx.opera.com/pub/sync?pubid=pub10101531197440&gdpr=1&gdpr_consent=:0
[   17657ms] [ERROR] Failed to load resource: the server responded with a status of 424 (Failed Dependency) @ https://t.adx.opera.com/pub/sync?pubid=pub10101531197440&gdpr=1&gdpr_consent=:0
[   17757ms] [ERROR] Failed to load resource: net::ERR_HTTP2_SERVER_REFUSED_STREAM @ https://cs.admanmedia.com/73c1e1bfc3bde354d60b80e601ae3914.gif?puid=[UID]&redir=https%3A%2F%2Fonetag-sys.com%2Fmatch%2F%3Fint_id%3D164%26gdpr%3D0%26gdpr_consent%3D%26uid%3D%5BUID%5D&gdpr=0&gdpr_consent=&ccpa=1---&coppa=:0
[   18149ms] [ERROR] Failed to load resource: net::ERR_HTTP2_SERVER_REFUSED_STREAM @ https://cs.admanmedia.com/73c1e1bfc3bde354d60b80e601ae3914.gif?puid=[UID]&redir=https%3A%2F%2Fonetag-sys.com%2Fmatch%2F%3Fint_id%3D164%26gdpr%3D0%26gdpr_consent%3D%26uid%3D%5BUID%5D&gdpr=0&gdpr_consent=&ccpa=&coppa=:0
[   18150ms] [ERROR] Failed to load resource: net::ERR_HTTP2_SERVER_REFUSED_STREAM @ https://cs.admanmedia.com/73c1e1bfc3bde354d60b80e601ae3914.gif?puid=[UID]&redir=https%3A%2F%2Fonetag-sys.com%2Fmatch%2F%3Fint_id%3D164%26gdpr%3D1%26gdpr_consent%3D%26uid%3D%5BUID%5D&gdpr=1&gdpr_consent=&ccpa=&coppa=:0
[   19111ms] [ERROR] Failed to load resource: net::ERR_HTTP2_SERVER_REFUSED_STREAM @ https://cs.admanmedia.com/73c1e1bfc3bde354d60b80e601ae3914.gif?puid=[UID]&redir=https%3A%2F%2Fonetag-sys.com%2Fmatch%2F%3Fint_id%3D164%26gdpr%3D1%26gdpr_consent%3D%26uid%3D%5BUID%5D&gdpr=1&gdpr_consent=&ccpa=&coppa=:0
[   11468ms] [ERROR] Failed to load resource: net::ERR_NAME_NOT_RESOLVED @ https://cs.lkqd.net/cs?partnerId=59&redirect=https%3A%2F%2Fcm.g.doubleclick.net%2Fpixel%3Fgoogle_nid%3Dlkqd_dbm%26google_hm%3D%24%24rawlkqduserid%7Cbase64%24%24:0
[   11681ms] [ERROR] Failed to load resource: net::ERR_NAME_NOT_RESOLVED @ https://cs.lkqd.net/cs?partnerId=59&redirect=https%3A%2F%2Fcm.g.doubleclick.net%2Fpixel%3Fgoogle_nid%3Dlkqd_dbm%26google_hm%3D%24%24rawlkqduserid%7Cbase64%24%24:0
[   11873ms] [ERROR] Failed to load resource: net::ERR_NAME_NOT_RESOLVED @ https://cs.lkqd.net/cs?partnerId=59&redirect=https%3A%2F%2Fcm.g.doubleclick.net%2Fpixel%3Fgoogle_nid%3Dlkqd_dbm%26google_hm%3D%24%24rawlkqduserid%7Cbase64%24%24:0
[   11468ms] [ERROR] Failed to load resource: net::ERR_NAME_NOT_RESOLVED @ https://cs.lkqd.net/cs?partnerId=59&redirect=https%3A%2F%2Fcm.g.doubleclick.net%2Fpixel%3Fgoogle_nid%3Dlkqd_dbm%26google_hm%3D%24%24rawlkqduserid%7Cbase64%24%24:0
[   11681ms] [ERROR] Failed to load resource: net::ERR_NAME_NOT_RESOLVED @ https://cs.lkqd.net/cs?partnerId=59&redirect=https%3A%2F%2Fcm.g.doubleclick.net%2Fpixel%3Fgoogle_nid%3Dlkqd_dbm%26google_hm%3D%24%24rawlkqduserid%7Cbase64%24%24:0
[   11873ms] [ERROR] Failed to load resource: net::ERR_NAME_NOT_RESOLVED @ https://cs.lkqd.net/cs?partnerId=59&redirect=https%3A%2F%2Fcm.g.doubleclick.net%2Fpixel%3Fgoogle_nid%3Dlkqd_dbm%26google_hm%3D%24%24rawlkqduserid%7Cbase64%24%24:0
[   11468ms] [ERROR] Failed to load resource: net::ERR_NAME_NOT_RESOLVED @ https://cs.lkqd.net/cs?partnerId=59&redirect=https%3A%2F%2Fcm.g.doubleclick.net%2Fpixel%3Fgoogle_nid%3Dlkqd_dbm%26google_hm%3D%24%24rawlkqduserid%7Cbase64%24%24:0
[   11681ms] [ERROR] Failed to load resource: net::ERR_NAME_NOT_RESOLVED @ https://cs.lkqd.net/cs?partnerId=59&redirect=https%3A%2F%2Fcm.g.doubleclick.net%2Fpixel%3Fgoogle_nid%3Dlkqd_dbm%26google_hm%3D%24%24rawlkqduserid%7Cbase64%24%24:0
[   11873ms] [ERROR] Failed to load resource: net::ERR_NAME_NOT_RESOLVED @ https://cs.lkqd.net/cs?partnerId=59&redirect=https%3A%2F%2Fcm.g.doubleclick.net%2Fpixel%3Fgoogle_nid%3Dlkqd_dbm%26google_hm%3D%24%24rawlkqduserid%7Cbase64%24%24:0
[   11468ms] [ERROR] Failed to load resource: net::ERR_NAME_NOT_RESOLVED @ https://cs.lkqd.net/cs?partnerId=59&redirect=https%3A%2F%2Fcm.g.doubleclick.net%2Fpixel%3Fgoogle_nid%3Dlkqd_dbm%26google_hm%3D%24%24rawlkqduserid%7Cbase64%24%24:0
[   11681ms] [ERROR] Failed to load resource: net::ERR_NAME_NOT_RESOLVED @ https://cs.lkqd.net/cs?partnerId=59&redirect=https%3A%2F%2Fcm.g.doubleclick.net%2Fpixel%3Fgoogle_nid%3Dlkqd_dbm%26google_hm%3D%24%24rawlkqduserid%7Cbase64%24%24:0
[   11873ms] [ERROR] Failed to load resource: net::ERR_NAME_NOT_RESOLVED @ https://cs.lkqd.net/cs?partnerId=59&redirect=https%3A%2F%2Fcm.g.doubleclick.net%2Fpixel%3Fgoogle_nid%3Dlkqd_dbm%26google_hm%3D%24%24rawlkqduserid%7Cbase64%24%24:0
[   16433ms] [ERROR] Failed to load resource: net::ERR_NAME_NOT_RESOLVED @ https://cs.iqzone.com/6f0476ca45e1d6b67e3ee8d57532a022.gif?redir=https%3A%2F%2Fsync.cootlogix.com%2Fapi%2Fcookie%3FpartnerId%3Diqzone%26gdpr%3D0%26gdpr_consent%3D%5BGDPR_CONSENT%5D%26us_privacy%3D%26userId%3D%5BUID%5D&gdpr=0&gdpr_consent=%5BGDPR_CONSENT%5D&ccpa=:0
[   17326ms] [ERROR] Failed to load resource: net::ERR_NAME_NOT_RESOLVED @ https://cs.iqzone.com/6f0476ca45e1d6b67e3ee8d57532a022.gif?redir=https%3A%2F%2Fsync.cootlogix.com%2Fapi%2Fcookie%3FpartnerId%3Diqzone%26gdpr%3D%26gdpr_consent%3D%26us_privacy%3D%26userId%3D%5BUID%5D&gdpr=&gdpr_consent=&ccpa=:0
[   17477ms] [ERROR] Failed to load resource: net::ERR_NAME_NOT_RESOLVED @ https://cs.iqzone.com/6f0476ca45e1d6b67e3ee8d57532a022.gif?redir=https%3A%2F%2Fsync.cootlogix.com%2Fapi%2Fcookie%3FpartnerId%3Diqzone%26gdpr%3D%26gdpr_consent%3D%26us_privacy%3D%26userId%3D%5BUID%5D&gdpr=&gdpr_consent=&ccpa=:0
[   17824ms] [ERROR] Failed to load resource: the server responded with a status of 400 (Bad Request) @ https://us4.shb-sync.com/a760a5a7-e35e-49b8-9f5e-723455346741.gif?puid=3cba453f-139b-3269-b8c8-62cbca9f57e5&gdpr=&gdpr_consent=ccpa=:0
[   17959ms] [ERROR] Failed to load resource: the server responded with a status of 400 (Bad Request) @ https://us4.shb-sync.com/a760a5a7-e35e-49b8-9f5e-723455346741.gif?puid=3cba453f-139b-3269-b8c8-62cbca9f57e5&gdpr=&gdpr_consent=ccpa=:0
[   18385ms] [ERROR] Failed to load resource: net::ERR_NAME_NOT_RESOLVED @ https://cs.iqzone.com/6f0476ca45e1d6b67e3ee8d57532a022.gif?redir=https%3A%2F%2Fsync.cootlogix.com%2Fapi%2Fcookie%3FpartnerId%3Diqzone%26gdpr%3D%26gdpr_consent%3D%26us_privacy%3D%26userId%3D%5BUID%5D&gdpr=&gdpr_consent=&ccpa=:0
[   18481ms] [ERROR] Failed to load resource: the server responded with a status of 400 (Bad Request) @ https://us4.shb-sync.com/a760a5a7-e35e-49b8-9f5e-723455346741.gif?puid=3cba453f-139b-3269-b8c8-62cbca9f57e5&gdpr=&gdpr_consent=ccpa=:0
[   18526ms] [ERROR] Failed to load resource: net::ERR_NAME_NOT_RESOLVED @ https://cs.iqzone.com/6f0476ca45e1d6b67e3ee8d57532a022.gif?redir=https%3A%2F%2Fsync.cootlogix.com%2Fapi%2Fcookie%3FpartnerId%3Diqzone%26gdpr%3D%26gdpr_consent%3D%26us_privacy%3D%26userId%3D%5BUID%5D&gdpr=&gdpr_consent=&ccpa=:0
[   18576ms] [ERROR] Failed to load resource: the server responded with a status of 400 (Bad Request) @ https://us4.shb-sync.com/a760a5a7-e35e-49b8-9f5e-723455346741.gif?puid=3cba453f-139b-3269-b8c8-62cbca9f57e5&gdpr=&gdpr_consent=ccpa=:0
[   18682ms] [ERROR] Failed to load resource: the server responded with a status of 400 (Bad Request) @ https://us4.shb-sync.com/a760a5a7-e35e-49b8-9f5e-723455346741.gif?puid=3cba453f-139b-3269-b8c8-62cbca9f57e5&gdpr=&gdpr_consent=ccpa=:0
[   18683ms] [ERROR] Failed to load resource: net::ERR_NAME_NOT_RESOLVED @ https://cs.iqzone.com/6f0476ca45e1d6b67e3ee8d57532a022.gif?redir=https%3A%2F%2Fsync.cootlogix.com%2Fapi%2Fcookie%3FpartnerId%3Diqzone%26gdpr%3D%26gdpr_consent%3D%26us_privacy%3D%26userId%3D%5BUID%5D&gdpr=&gdpr_consent=&ccpa=:0
[   19430ms] [ERROR] Failed to load resource: net::ERR_NAME_NOT_RESOLVED @ https://cs.iqzone.com/6f0476ca45e1d6b67e3ee8d57532a022.gif?redir=https%3A%2F%2Fsync.cootlogix.com%2Fapi%2Fcookie%3FpartnerId%3Diqzone%26gdpr%3D%26gdpr_consent%3D%26us_privacy%3D%26userId%3D%5BUID%5D&gdpr=&gdpr_consent=&ccpa=:0
[   19536ms] [ERROR] Failed to load resource: the server responded with a status of 400 (Bad Request) @ https://us4.shb-sync.com/a760a5a7-e35e-49b8-9f5e-723455346741.gif?puid=3cba453f-139b-3269-b8c8-62cbca9f57e5&gdpr=&gdpr_consent=ccpa=:0
[   12557ms] [ERROR] Failed to load resource: the server responded with a status of 424 (Failed Dependency) @ https://t.adx.opera.com/pub/sync?pubid=pub10101531197440&gdpr=1&gdpr_consent=:0
[   13961ms] [ERROR] Failed to load resource: the server responded with a status of 424 (Failed Dependency) @ https://t.adx.opera.com/pub/sync?pubid=pub10101531197440&gdpr=1&gdpr_consent=:0
[   17461ms] [ERROR] Failed to load resource: the server responded with a status of 424 (Failed Dependency) @ https://t.adx.opera.com/pub/sync?pubid=pub10101531197440&gdpr=1&gdpr_consent=:0
[   17657ms] [ERROR] Failed to load resource: the server responded with a status of 424 (Failed Dependency) @ https://t.adx.opera.com/pub/sync?pubid=pub10101531197440&gdpr=1&gdpr_consent=:0
[   17757ms] [ERROR] Failed to load resource: net::ERR_HTTP2_SERVER_REFUSED_STREAM @ https://cs.admanmedia.com/73c1e1bfc3bde354d60b80e601ae3914.gif?puid=[UID]&redir=https%3A%2F%2Fonetag-sys.com%2Fmatch%2F%3Fint_id%3D164%26gdpr%3D0%26gdpr_consent%3D%26uid%3D%5BUID%5D&gdpr=0&gdpr_consent=&ccpa=1---&coppa=:0
[   18149ms] [ERROR] Failed to load resource: net::ERR_HTTP2_SERVER_REFUSED_STREAM @ https://cs.admanmedia.com/73c1e1bfc3bde354d60b80e601ae3914.gif?puid=[UID]&redir=https%3A%2F%2Fonetag-sys.com%2Fmatch%2F%3Fint_id%3D164%26gdpr%3D0%26gdpr_consent%3D%26uid%3D%5BUID%5D&gdpr=0&gdpr_consent=&ccpa=&coppa=:0
[   18150ms] [ERROR] Failed to load resource: net::ERR_HTTP2_SERVER_REFUSED_STREAM @ https://cs.admanmedia.com/73c1e1bfc3bde354d60b80e601ae3914.gif?puid=[UID]&redir=https%3A%2F%2Fonetag-sys.com%2Fmatch%2F%3Fint_id%3D164%26gdpr%3D1%26gdpr_consent%3D%26uid%3D%5BUID%5D&gdpr=1&gdpr_consent=&ccpa=&coppa=:0
[   19111ms] [ERROR] Failed to load resource: net::ERR_HTTP2_SERVER_REFUSED_STREAM @ https://cs.admanmedia.com/73c1e1bfc3bde354d60b80e601ae3914.gif?puid=[UID]&redir=https%3A%2F%2Fonetag-sys.com%2Fmatch%2F%3Fint_id%3D164%26gdpr%3D1%26gdpr_consent%3D%26uid%3D%5BUID%5D&gdpr=1&gdpr_consent=&ccpa=&coppa=:0
[   16710ms] [ERROR] Failed to load resource: the server responded with a status of 400 () @ https://eb2.3lift.com/getuid?gdpr=0&gdpr_consent=&redir=https%3A%2F%2Fvisitor.us-west1.gcp.omnitagjs.com%2Fvisitor%2Fsync%3Fgdpr%3D0%26gdpr_consent%3D%26is_cookie_sync_uid%3D1%26name%3DTRIPLELIFT_cookie_sync%26ttl%3D720%26uid%3D771bebe2d6221e9ca65e16ebf8d2f6f3%26visitor%3D%24UID:0
[   16714ms] [ERROR] Failed to load resource: the server responded with a status of 400 () @ https://s.ad.smaato.net/c/?adExInit=1100060427&coppa=&gdpr=0&gdpr_consent=&gpp=&gpp_sid=&redir=https%3A%2F%2Fvisitor.us-west1.gcp.omnitagjs.com%2Fvisitor%2Fsync%3Fgdpr%3D0%26gdpr_consent%3D%26is_cookie_sync_uid%3D1%26name%3DVERVE_cookie_sync%26ttl%3D720%26uid%3D3d32cc9796b1314c86176074dd8f12bb%26usp%3D1---%26visitor%3D%24UID&usp=1---:0
[   16710ms] [ERROR] Failed to load resource: the server responded with a status of 400 () @ https://eb2.3lift.com/getuid?gdpr=0&gdpr_consent=&redir=https%3A%2F%2Fvisitor.us-west1.gcp.omnitagjs.com%2Fvisitor%2Fsync%3Fgdpr%3D0%26gdpr_consent%3D%26is_cookie_sync_uid%3D1%26name%3DTRIPLELIFT_cookie_sync%26ttl%3D720%26uid%3D771bebe2d6221e9ca65e16ebf8d2f6f3%26visitor%3D%24UID:0
[   16714ms] [ERROR] Failed to load resource: the server responded with a status of 400 () @ https://s.ad.smaato.net/c/?adExInit=1100060427&coppa=&gdpr=0&gdpr_consent=&gpp=&gpp_sid=&redir=https%3A%2F%2Fvisitor.us-west1.gcp.omnitagjs.com%2Fvisitor%2Fsync%3Fgdpr%3D0%26gdpr_consent%3D%26is_cookie_sync_uid%3D1%26name%3DVERVE_cookie_sync%26ttl%3D720%26uid%3D3d32cc9796b1314c86176074dd8f12bb%26usp%3D1---%26visitor%3D%24UID&usp=1---:0
[   19937ms] [ERROR] Failed to load resource: the server responded with a status of 424 (Failed Dependency) @ https://t.adx.opera.com/pub/sync?pubid=pub10101531197440&gdpr=1&gdpr_consent=:0
[   19937ms] [ERROR] Failed to load resource: the server responded with a status of 404 () @ https://cs.admanmedia.com/94fd017f496d404a25fc5546f959bf2f.gif?gdpr=0&gdpr_consent=&us_privacy=&redir=https%3A%2F%2Fsync.kueezrtb.com%2Fapi%2Fcookie%3FpartnerId%3Dkueez-acuity%26gdpr%3D0%26gdpr_consent%3D%26us_privacy%3D%26userId%3D%5BUID%5D:0
[   20003ms] [ERROR] Failed to load resource: the server responded with a status of 400 () @ https://ssum-sec.casalemedia.com/usermatch?s=194558&cb=https%3A%2F%2Fu-ams.4dex.io%2Fsetuid%3Fbidder%3Dindexexchange%26it%3Dortb%26uid%3D:0
[   17757ms] [ERROR] Failed to load resource: net::ERR_HTTP2_SERVER_REFUSED_STREAM @ https://cs.admanmedia.com/94fd017f496d404a25fc5546f959bf2f.gif?gdpr=&gdpr_consent=&us_privacy=&redir=https%3A%2F%2Fsync.kueezrtb.com%2Fapi%2Fcookie%3FpartnerId%3Dkueez-acuity%26gdpr%3D%26gdpr_consent%3D%26us_privacy%3D%26userId%3D%5BUID%5D:0
[   18779ms] [ERROR] Failed to load resource: net::ERR_HTTP2_SERVER_REFUSED_STREAM @ https://cs.admanmedia.com/94fd017f496d404a25fc5546f959bf2f.gif?gdpr=0&gdpr_consent=&us_privacy=&redir=https%3A%2F%2Fsync.kueezrtb.com%2Fapi%2Fcookie%3FpartnerId%3Dkueez-acuity%26gdpr%3D0%26gdpr_consent%3D%26us_privacy%3D%26userId%3D%5BUID%5D:0
[   19112ms] [ERROR] Failed to load resource: the server responded with a status of 404 () @ https://cs.admanmedia.com/94fd017f496d404a25fc5546f959bf2f.gif?gdpr=0&gdpr_consent=&us_privacy=&redir=https%3A%2F%2Fsync.kueezrtb.com%2Fapi%2Fcookie%3FpartnerId%3Dkueez-acuity%26gdpr%3D0%26gdpr_consent%3D%26us_privacy%3D%26userId%3D%5BUID%5D:0
[   19937ms] [ERROR] Failed to load resource: the server responded with a status of 404 () @ https://cs.admanmedia.com/94fd017f496d404a25fc5546f959bf2f.gif?gdpr=0&gdpr_consent=&us_privacy=&redir=https%3A%2F%2Fsync.kueezrtb.com%2Fapi%2Fcookie%3FpartnerId%3Dkueez-acuity%26gdpr%3D0%26gdpr_consent%3D%26us_privacy%3D%26userId%3D%5BUID%5D:0
[   20089ms] [ERROR] Failed to load resource: net::ERR_SOCKET_NOT_CONNECTED @ https://tracker.rtb-oveeo.com/sync?id=187&uid=85fd7b7b-3525-4faf-984d-2403067cb906:0
[   12557ms] [ERROR] Failed to load resource: the server responded with a status of 424 (Failed Dependency) @ https://t.adx.opera.com/pub/sync?pubid=pub10101531197440&gdpr=1&gdpr_consent=:0
[   13961ms] [ERROR] Failed to load resource: the server responded with a status of 424 (Failed Dependency) @ https://t.adx.opera.com/pub/sync?pubid=pub10101531197440&gdpr=1&gdpr_consent=:0
[   17461ms] [ERROR] Failed to load resource: the server responded with a status of 424 (Failed Dependency) @ https://t.adx.opera.com/pub/sync?pubid=pub10101531197440&gdpr=1&gdpr_consent=:0
[   17657ms] [ERROR] Failed to load resource: the server responded with a status of 424 (Failed Dependency) @ https://t.adx.opera.com/pub/sync?pubid=pub10101531197440&gdpr=1&gdpr_consent=:0
[   17757ms] [ERROR] Failed to load resource: net::ERR_HTTP2_SERVER_REFUSED_STREAM @ https://cs.admanmedia.com/73c1e1bfc3bde354d60b80e601ae3914.gif?puid=[UID]&redir=https%3A%2F%2Fonetag-sys.com%2Fmatch%2F%3Fint_id%3D164%26gdpr%3D0%26gdpr_consent%3D%26uid%3D%5BUID%5D&gdpr=0&gdpr_consent=&ccpa=1---&coppa=:0
[   18149ms] [ERROR] Failed to load resource: net::ERR_HTTP2_SERVER_REFUSED_STREAM @ https://cs.admanmedia.com/73c1e1bfc3bde354d60b80e601ae3914.gif?puid=[UID]&redir=https%3A%2F%2Fonetag-sys.com%2Fmatch%2F%3Fint_id%3D164%26gdpr%3D0%26gdpr_consent%3D%26uid%3D%5BUID%5D&gdpr=0&gdpr_consent=&ccpa=&coppa=:0
[   18150ms] [ERROR] Failed to load resource: net::ERR_HTTP2_SERVER_REFUSED_STREAM @ https://cs.admanmedia.com/73c1e1bfc3bde354d60b80e601ae3914.gif?puid=[UID]&redir=https%3A%2F%2Fonetag-sys.com%2Fmatch%2F%3Fint_id%3D164%26gdpr%3D1%26gdpr_consent%3D%26uid%3D%5BUID%5D&gdpr=1&gdpr_consent=&ccpa=&coppa=:0
[   19111ms] [ERROR] Failed to load resource: net::ERR_HTTP2_SERVER_REFUSED_STREAM @ https://cs.admanmedia.com/73c1e1bfc3bde354d60b80e601ae3914.gif?puid=[UID]&redir=https%3A%2F%2Fonetag-sys.com%2Fmatch%2F%3Fint_id%3D164%26gdpr%3D1%26gdpr_consent%3D%26uid%3D%5BUID%5D&gdpr=1&gdpr_consent=&ccpa=&coppa=:0
[   19937ms] [ERROR] Failed to load resource: the server responded with a status of 424 (Failed Dependency) @ https://t.adx.opera.com/pub/sync?pubid=pub10101531197440&gdpr=1&gdpr_consent=:0
[   16710ms] [ERROR] Failed to load resource: the server responded with a status of 400 () @ https://eb2.3lift.com/getuid?gdpr=0&gdpr_consent=&redir=https%3A%2F%2Fvisitor.us-west1.gcp.omnitagjs.com%2Fvisitor%2Fsync%3Fgdpr%3D0%26gdpr_consent%3D%26is_cookie_sync_uid%3D1%26name%3DTRIPLELIFT_cookie_sync%26ttl%3D720%26uid%3D771bebe2d6221e9ca65e16ebf8d2f6f3%26visitor%3D%24UID:0
[   16714ms] [ERROR] Failed to load resource: the server responded with a status of 400 () @ https://s.ad.smaato.net/c/?adExInit=1100060427&coppa=&gdpr=0&gdpr_consent=&gpp=&gpp_sid=&redir=https%3A%2F%2Fvisitor.us-west1.gcp.omnitagjs.com%2Fvisitor%2Fsync%3Fgdpr%3D0%26gdpr_consent%3D%26is_cookie_sync_uid%3D1%26name%3DVERVE_cookie_sync%26ttl%3D720%26uid%3D3d32cc9796b1314c86176074dd8f12bb%26usp%3D1---%26visitor%3D%24UID&usp=1---:0
[   16710ms] [ERROR] Failed to load resource: the server responded with a status of 400 () @ https://eb2.3lift.com/getuid?gdpr=0&gdpr_consent=&redir=https%3A%2F%2Fvisitor.us-west1.gcp.omnitagjs.com%2Fvisitor%2Fsync%3Fgdpr%3D0%26gdpr_consent%3D%26is_cookie_sync_uid%3D1%26name%3DTRIPLELIFT_cookie_sync%26ttl%3D720%26uid%3D771bebe2d6221e9ca65e16ebf8d2f6f3%26visitor%3D%24UID:0
[   16714ms] [ERROR] Failed to load resource: the server responded with a status of 400 () @ https://s.ad.smaato.net/c/?adExInit=1100060427&coppa=&gdpr=0&gdpr_consent=&gpp=&gpp_sid=&redir=https%3A%2F%2Fvisitor.us-west1.gcp.omnitagjs.com%2Fvisitor%2Fsync%3Fgdpr%3D0%26gdpr_consent%3D%26is_cookie_sync_uid%3D1%26name%3DVERVE_cookie_sync%26ttl%3D720%26uid%3D3d32cc9796b1314c86176074dd8f12bb%26usp%3D1---%26visitor%3D%24UID&usp=1---:0
[   15723ms] [ERROR] Failed to load resource: the server responded with a status of 400 (Bad Request) @ https://sync.adkernel.com/user-sync?zone=252325&gdpr=0&gdpr_consent=[GDPR_CONSENT]&us_privacy=&t=image&r=https%3A%2F%2Fittpx.eskimi.com%2Fsync%3Fdp_id%3D52%26gdpr%3D0%26gdpr_consent%3D[GDPR_CONSENT]%26us_privacy%3D%26user_id%3D%7BUID%7D:0
[   16757ms] [ERROR] Failed to load resource: the server responded with a status of 400 (Bad Request) @ https://sync.adkernel.com/user-sync?zone=252325&gdpr=0&gdpr_consent=[GDPR_CONSENT]&us_privacy=&t=image&r=https%3A%2F%2Fittpx.eskimi.com%2Fsync%3Fdp_id%3D52%26gdpr%3D0%26gdpr_consent%3D[GDPR_CONSENT]%26us_privacy%3D%26user_id%3D%7BUID%7D:0
[   16930ms] [ERROR] Failed to load resource: the server responded with a status of 400 (Bad Request) @ https://sync.adkernel.com/user-sync?zone=252325&gdpr=0&gdpr_consent=[GDPR_CONSENT]&us_privacy=&t=image&r=https%3A%2F%2Fittpx.eskimi.com%2Fsync%3Fdp_id%3D52%26gdpr%3D0%26gdpr_consent%3D[GDPR_CONSENT]%26us_privacy%3D%26user_id%3D%7BUID%7D:0
[   20089ms] [ERROR] Failed to load resource: net::ERR_SOCKET_NOT_CONNECTED @ https://tracker.rtb-oveeo.com/sync?id=187&uid=85fd7b7b-3525-4faf-984d-2403067cb906:0
[   13138ms] [ERROR] Failed to load resource: the server responded with a status of 404 (Not Found) @ https://b1sync.zemanta.com/usersync/ogury/?gdpr=0&gdpr_consent=&cb=https%3A%2F%2Fms-cookie-sync.presage.io%2Fuser-sync%3Foutbrain_id%3D__ZUID__:0
[   15006ms] [ERROR] Failed to load resource: the server responded with a status of 404 (Not Found) @ https://b1sync.zemanta.com/usersync/ogury/?gdpr=0&gdpr_consent=[GDPR_CONSENT]&cb=https%3A%2F%2Fms-cookie-sync.presage.io%2Fuser-sync%3Foutbrain_id%3D__ZUID__:0
[   16577ms] [ERROR] Failed to load resource: the server responded with a status of 404 (Not Found) @ https://b1sync.zemanta.com/usersync/ogury/?gdpr=0&gdpr_consent=&cb=https%3A%2F%2Fms-cookie-sync.presage.io%2Fuser-sync%3Foutbrain_id%3D__ZUID__:0
[   17216ms] [ERROR] Failed to load resource: the server responded with a status of 404 (Not Found) @ https://b1sync.zemanta.com/usersync/ogury/?gdpr=0&gdpr_consent=&cb=https%3A%2F%2Fms-cookie-sync.presage.io%2Fuser-sync%3Foutbrain_id%3D__ZUID__:0
[   17320ms] [ERROR] Failed to load resource: the server responded with a status of 404 (Not Found) @ https://b1sync.zemanta.com/usersync/ogury/?gdpr=0&gdpr_consent=&cb=https%3A%2F%2Fms-cookie-sync.presage.io%2Fuser-sync%3Foutbrain_id%3D__ZUID__:0
[   17756ms] [ERROR] Failed to load resource: net::ERR_HTTP2_SERVER_REFUSED_STREAM @ https://cs.admanmedia.com/2e2cd80ed2c36fa49cf9580703081ade.gif?puid=8810b08b-35f3-434d-9947-5da68e12e5fd&redir=https%3A%2F%2Fms-cookie-sync.presage.io%2Fuser-sync%3Fillumin_id%3D%5BUID%5D%26gdpr%3D0%26gdpr_consent%3D&gdpr=0&gdpr_consent=:0
[   18147ms] [ERROR] Failed to load resource: the server responded with a status of 404 (Not Found) @ https://b1sync.zemanta.com/usersync/ogury/?gdpr=0&gdpr_consent=&cb=https%3A%2F%2Fms-cookie-sync.presage.io%2Fuser-sync%3Foutbrain_id%3D__ZUID__:0
[   18247ms] [ERROR] Failed to load resource: the server responded with a status of 404 (Not Found) @ https://b1sync.zemanta.com/usersync/ogury/?gdpr=0&gdpr_consent=&cb=https%3A%2F%2Fms-cookie-sync.presage.io%2Fuser-sync%3Foutbrain_id%3D__ZUID__:0
[   19008ms] [ERROR] Failed to load resource: the server responded with a status of 404 (Not Found) @ https://b1sync.zemanta.com/usersync/ogury/?gdpr=0&gdpr_consent=&cb=https%3A%2F%2Fms-cookie-sync.presage.io%2Fuser-sync%3Foutbrain_id%3D__ZUID__:0
[   20145ms] [ERROR] Failed to load resource: the server responded with a status of 424 (Failed Dependency) @ https://t.adx.opera.com/pub/sync?pubid=pub10101531197440&gdpr=1&gdpr_consent=:0
[   20147ms] [ERROR] Failed to load resource: the server responded with a status of 404 (Not Found) @ https://csync.copper6.com/fbd260923f6815f04a34938c00400dd6.gif?gdpr=0&gdpr_consent=&redir=https%3A%2F%2Fs.ad.smaato.net%2Fc%2F%3FdspId%3D1248%26dspCookie%3D%5BUID%5D%26gdpr%3D0%26gdpr_consent%3D:0
[   20148ms] [ERROR] Failed to load resource: the server responded with a status of 400 (Bad Request) @ https://cpm.vistarsagency.com/user-sync?zone=251860&dsp=904755&t=image&uid=C-eAEdzcsNxCAMANFefA6Sv9hON2CgiKy291X2Pk_zATe4wcMZMTuyonejMIMLguAGKlyblra-dTR1GS2UTqPnIY8weylckG9sqIM5anP0NZchu9DGKb5qEjpcQP_h8Ro-1miWFU0Fs2Ws0Vg2c6RTasIFrAE3qBvPISz9INnZUl28Nk-tHu4J3x8CGC9V:0
[   20327ms] [ERROR] Failed to load resource: the server responded with a status of 424 (Failed Dependency) @ https://t.adx.opera.com/pub/sync?pubid=pub10101531197440&gdpr=1&gdpr_consent=:0
[   17757ms] [ERROR] Failed to load resource: net::ERR_HTTP2_SERVER_REFUSED_STREAM @ https://cs.admanmedia.com/94fd017f496d404a25fc5546f959bf2f.gif?gdpr=&gdpr_consent=&us_privacy=&redir=https%3A%2F%2Fsync.kueezrtb.com%2Fapi%2Fcookie%3FpartnerId%3Dkueez-acuity%26gdpr%3D%26gdpr_consent%3D%26us_privacy%3D%26userId%3D%5BUID%5D:0
[   18779ms] [ERROR] Failed to load resource: net::ERR_HTTP2_SERVER_REFUSED_STREAM @ https://cs.admanmedia.com/94fd017f496d404a25fc5546f959bf2f.gif?gdpr=0&gdpr_consent=&us_privacy=&redir=https%3A%2F%2Fsync.kueezrtb.com%2Fapi%2Fcookie%3FpartnerId%3Dkueez-acuity%26gdpr%3D0%26gdpr_consent%3D%26us_privacy%3D%26userId%3D%5BUID%5D:0
[   19112ms] [ERROR] Failed to load resource: the server responded with a status of 404 () @ https://cs.admanmedia.com/94fd017f496d404a25fc5546f959bf2f.gif?gdpr=0&gdpr_consent=&us_privacy=&redir=https%3A%2F%2Fsync.kueezrtb.com%2Fapi%2Fcookie%3FpartnerId%3Dkueez-acuity%26gdpr%3D0%26gdpr_consent%3D%26us_privacy%3D%26userId%3D%5BUID%5D:0
[   19937ms] [ERROR] Failed to load resource: the server responded with a status of 404 () @ https://cs.admanmedia.com/94fd017f496d404a25fc5546f959bf2f.gif?gdpr=0&gdpr_consent=&us_privacy=&redir=https%3A%2F%2Fsync.kueezrtb.com%2Fapi%2Fcookie%3FpartnerId%3Dkueez-acuity%26gdpr%3D0%26gdpr_consent%3D%26us_privacy%3D%26userId%3D%5BUID%5D:0
[   11468ms] [ERROR] Failed to load resource: net::ERR_NAME_NOT_RESOLVED @ https://cs.lkqd.net/cs?partnerId=59&redirect=https%3A%2F%2Fcm.g.doubleclick.net%2Fpixel%3Fgoogle_nid%3Dlkqd_dbm%26google_hm%3D%24%24rawlkqduserid%7Cbase64%24%24:0
[   11681ms] [ERROR] Failed to load resource: net::ERR_NAME_NOT_RESOLVED @ https://cs.lkqd.net/cs?partnerId=59&redirect=https%3A%2F%2Fcm.g.doubleclick.net%2Fpixel%3Fgoogle_nid%3Dlkqd_dbm%26google_hm%3D%24%24rawlkqduserid%7Cbase64%24%24:0
[   11873ms] [ERROR] Failed to load resource: net::ERR_NAME_NOT_RESOLVED @ https://cs.lkqd.net/cs?partnerId=59&redirect=https%3A%2F%2Fcm.g.doubleclick.net%2Fpixel%3Fgoogle_nid%3Dlkqd_dbm%26google_hm%3D%24%24rawlkqduserid%7Cbase64%24%24:0
[   15723ms] [ERROR] Failed to load resource: the server responded with a status of 400 (Bad Request) @ https://sync.adkernel.com/user-sync?zone=252325&gdpr=0&gdpr_consent=[GDPR_CONSENT]&us_privacy=&t=image&r=https%3A%2F%2Fittpx.eskimi.com%2Fsync%3Fdp_id%3D52%26gdpr%3D0%26gdpr_consent%3D[GDPR_CONSENT]%26us_privacy%3D%26user_id%3D%7BUID%7D:0
[   16757ms] [ERROR] Failed to load resource: the server responded with a status of 400 (Bad Request) @ https://sync.adkernel.com/user-sync?zone=252325&gdpr=0&gdpr_consent=[GDPR_CONSENT]&us_privacy=&t=image&r=https%3A%2F%2Fittpx.eskimi.com%2Fsync%3Fdp_id%3D52%26gdpr%3D0%26gdpr_consent%3D[GDPR_CONSENT]%26us_privacy%3D%26user_id%3D%7BUID%7D:0
[   16930ms] [ERROR] Failed to load resource: the server responded with a status of 400 (Bad Request) @ https://sync.adkernel.com/user-sync?zone=252325&gdpr=0&gdpr_consent=[GDPR_CONSENT]&us_privacy=&t=image&r=https%3A%2F%2Fittpx.eskimi.com%2Fsync%3Fdp_id%3D52%26gdpr%3D0%26gdpr_consent%3D[GDPR_CONSENT]%26us_privacy%3D%26user_id%3D%7BUID%7D:0
[   20089ms] [ERROR] Failed to load resource: net::ERR_SOCKET_NOT_CONNECTED @ https://tracker.rtb-oveeo.com/sync?id=187&uid=85fd7b7b-3525-4faf-984d-2403067cb906:0
[   13644ms] [ERROR] Failed to load resource: the server responded with a status of 403 () @ https://elb.the-ozone-project.com/usersync-api/v1/getuid?&gdpr=0&gdpr_consent=[USER_CONSENT]&redirect=https%3A%2F%2Feu-u.openx.net%2Fw%2F1.0%2Fsd%3Fid%3D564903529%26val%3D%7B%7Buid%7D%7D:0
[   13767ms] [ERROR] Failed to load resource: net::ERR_NAME_NOT_RESOLVED @ https://px.owneriq.net/eox:0
[   13644ms] [ERROR] Failed to load resource: the server responded with a status of 403 () @ https://elb.the-ozone-project.com/usersync-api/v1/getuid?&gdpr=0&gdpr_consent=[USER_CONSENT]&redirect=https%3A%2F%2Feu-u.openx.net%2Fw%2F1.0%2Fsd%3Fid%3D564903529%26val%3D%7B%7Buid%7D%7D:0
[   13767ms] [ERROR] Failed to load resource: net::ERR_NAME_NOT_RESOLVED @ https://px.owneriq.net/eox:0
[   16433ms] [ERROR] Failed to load resource: net::ERR_NAME_NOT_RESOLVED @ https://cs.iqzone.com/6f0476ca45e1d6b67e3ee8d57532a022.gif?redir=https%3A%2F%2Fsync.cootlogix.com%2Fapi%2Fcookie%3FpartnerId%3Diqzone%26gdpr%3D0%26gdpr_consent%3D%5BGDPR_CONSENT%5D%26us_privacy%3D%26userId%3D%5BUID%5D&gdpr=0&gdpr_consent=%5BGDPR_CONSENT%5D&ccpa=:0
[   17326ms] [ERROR] Failed to load resource: net::ERR_NAME_NOT_RESOLVED @ https://cs.iqzone.com/6f0476ca45e1d6b67e3ee8d57532a022.gif?redir=https%3A%2F%2Fsync.cootlogix.com%2Fapi%2Fcookie%3FpartnerId%3Diqzone%26gdpr%3D%26gdpr_consent%3D%26us_privacy%3D%26userId%3D%5BUID%5D&gdpr=&gdpr_consent=&ccpa=:0
[   17477ms] [ERROR] Failed to load resource: net::ERR_NAME_NOT_RESOLVED @ https://cs.iqzone.com/6f0476ca45e1d6b67e3ee8d57532a022.gif?redir=https%3A%2F%2Fsync.cootlogix.com%2Fapi%2Fcookie%3FpartnerId%3Diqzone%26gdpr%3D%26gdpr_consent%3D%26us_privacy%3D%26userId%3D%5BUID%5D&gdpr=&gdpr_consent=&ccpa=:0
[   17824ms] [ERROR] Failed to load resource: the server responded with a status of 400 (Bad Request) @ https://us4.shb-sync.com/a760a5a7-e35e-49b8-9f5e-723455346741.gif?puid=3cba453f-139b-3269-b8c8-62cbca9f57e5&gdpr=&gdpr_consent=ccpa=:0
[   17959ms] [ERROR] Failed to load resource: the server responded with a status of 400 (Bad Request) @ https://us4.shb-sync.com/a760a5a7-e35e-49b8-9f5e-723455346741.gif?puid=3cba453f-139b-3269-b8c8-62cbca9f57e5&gdpr=&gdpr_consent=ccpa=:0
[   18385ms] [ERROR] Failed to load resource: net::ERR_NAME_NOT_RESOLVED @ https://cs.iqzone.com/6f0476ca45e1d6b67e3ee8d57532a022.gif?redir=https%3A%2F%2Fsync.cootlogix.com%2Fapi%2Fcookie%3FpartnerId%3Diqzone%26gdpr%3D%26gdpr_consent%3D%26us_privacy%3D%26userId%3D%5BUID%5D&gdpr=&gdpr_consent=&ccpa=:0
[   18481ms] [ERROR] Failed to load resource: the server responded with a status of 400 (Bad Request) @ https://us4.shb-sync.com/a760a5a7-e35e-49b8-9f5e-723455346741.gif?puid=3cba453f-139b-3269-b8c8-62cbca9f57e5&gdpr=&gdpr_consent=ccpa=:0
[   18526ms] [ERROR] Failed to load resource: net::ERR_NAME_NOT_RESOLVED @ https://cs.iqzone.com/6f0476ca45e1d6b67e3ee8d57532a022.gif?redir=https%3A%2F%2Fsync.cootlogix.com%2Fapi%2Fcookie%3FpartnerId%3Diqzone%26gdpr%3D%26gdpr_consent%3D%26us_privacy%3D%26userId%3D%5BUID%5D&gdpr=&gdpr_consent=&ccpa=:0
[   18576ms] [ERROR] Failed to load resource: the server responded with a status of 400 (Bad Request) @ https://us4.shb-sync.com/a760a5a7-e35e-49b8-9f5e-723455346741.gif?puid=3cba453f-139b-3269-b8c8-62cbca9f57e5&gdpr=&gdpr_consent=ccpa=:0
[   18682ms] [ERROR] Failed to load resource: the server responded with a status of 400 (Bad Request) @ https://us4.shb-sync.com/a760a5a7-e35e-49b8-9f5e-723455346741.gif?puid=3cba453f-139b-3269-b8c8-62cbca9f57e5&gdpr=&gdpr_consent=ccpa=:0
[   18683ms] [ERROR] Failed to load resource: net::ERR_NAME_NOT_RESOLVED @ https://cs.iqzone.com/6f0476ca45e1d6b67e3ee8d57532a022.gif?redir=https%3A%2F%2Fsync.cootlogix.com%2Fapi%2Fcookie%3FpartnerId%3Diqzone%26gdpr%3D%26gdpr_consent%3D%26us_privacy%3D%26userId%3D%5BUID%5D&gdpr=&gdpr_consent=&ccpa=:0
[   19430ms] [ERROR] Failed to load resource: net::ERR_NAME_NOT_RESOLVED @ https://cs.iqzone.com/6f0476ca45e1d6b67e3ee8d57532a022.gif?redir=https%3A%2F%2Fsync.cootlogix.com%2Fapi%2Fcookie%3FpartnerId%3Diqzone%26gdpr%3D%26gdpr_consent%3D%26us_privacy%3D%26userId%3D%5BUID%5D&gdpr=&gdpr_consent=&ccpa=:0
[   19536ms] [ERROR] Failed to load resource: the server responded with a status of 400 (Bad Request) @ https://us4.shb-sync.com/a760a5a7-e35e-49b8-9f5e-723455346741.gif?puid=3cba453f-139b-3269-b8c8-62cbca9f57e5&gdpr=&gdpr_consent=ccpa=:0
[   17757ms] [ERROR] Failed to load resource: net::ERR_HTTP2_SERVER_REFUSED_STREAM @ https://cs.admanmedia.com/94fd017f496d404a25fc5546f959bf2f.gif?gdpr=&gdpr_consent=&us_privacy=&redir=https%3A%2F%2Fsync.kueezrtb.com%2Fapi%2Fcookie%3FpartnerId%3Dkueez-acuity%26gdpr%3D%26gdpr_consent%3D%26us_privacy%3D%26userId%3D%5BUID%5D:0
[   18779ms] [ERROR] Failed to load resource: net::ERR_HTTP2_SERVER_REFUSED_STREAM @ https://cs.admanmedia.com/94fd017f496d404a25fc5546f959bf2f.gif?gdpr=0&gdpr_consent=&us_privacy=&redir=https%3A%2F%2Fsync.kueezrtb.com%2Fapi%2Fcookie%3FpartnerId%3Dkueez-acuity%26gdpr%3D0%26gdpr_consent%3D%26us_privacy%3D%26userId%3D%5BUID%5D:0
[   19112ms] [ERROR] Failed to load resource: the server responded with a status of 404 () @ https://cs.admanmedia.com/94fd017f496d404a25fc5546f959bf2f.gif?gdpr=0&gdpr_consent=&us_privacy=&redir=https%3A%2F%2Fsync.kueezrtb.com%2Fapi%2Fcookie%3FpartnerId%3Dkueez-acuity%26gdpr%3D0%26gdpr_consent%3D%26us_privacy%3D%26userId%3D%5BUID%5D:0
[   19937ms] [ERROR] Failed to load resource: the server responded with a status of 404 () @ https://cs.admanmedia.com/94fd017f496d404a25fc5546f959bf2f.gif?gdpr=0&gdpr_consent=&us_privacy=&redir=https%3A%2F%2Fsync.kueezrtb.com%2Fapi%2Fcookie%3FpartnerId%3Dkueez-acuity%26gdpr%3D0%26gdpr_consent%3D%26us_privacy%3D%26userId%3D%5BUID%5D:0
[   11468ms] [ERROR] Failed to load resource: net::ERR_NAME_NOT_RESOLVED @ https://cs.lkqd.net/cs?partnerId=59&redirect=https%3A%2F%2Fcm.g.doubleclick.net%2Fpixel%3Fgoogle_nid%3Dlkqd_dbm%26google_hm%3D%24%24rawlkqduserid%7Cbase64%24%24:0
[   11681ms] [ERROR] Failed to load resource: net::ERR_NAME_NOT_RESOLVED @ https://cs.lkqd.net/cs?partnerId=59&redirect=https%3A%2F%2Fcm.g.doubleclick.net%2Fpixel%3Fgoogle_nid%3Dlkqd_dbm%26google_hm%3D%24%24rawlkqduserid%7Cbase64%24%24:0
[   11873ms] [ERROR] Failed to load resource: net::ERR_NAME_NOT_RESOLVED @ https://cs.lkqd.net/cs?partnerId=59&redirect=https%3A%2F%2Fcm.g.doubleclick.net%2Fpixel%3Fgoogle_nid%3Dlkqd_dbm%26google_hm%3D%24%24rawlkqduserid%7Cbase64%24%24:0
[   20655ms] [ERROR] Failed to load resource: net::ERR_NAME_NOT_RESOLVED @ https://cs.iqzone.com/6f0476ca45e1d6b67e3ee8d57532a022.gif?redir=https%3A%2F%2Fsync.cootlogix.com%2Fapi%2Fcookie%3FpartnerId%3Diqzone%26gdpr%3D%26gdpr_consent%3D%26us_privacy%3D%26userId%3D%5BUID%5D&gdpr=&gdpr_consent=&ccpa=:0
[   11468ms] [ERROR] Failed to load resource: net::ERR_NAME_NOT_RESOLVED @ https://cs.lkqd.net/cs?partnerId=59&redirect=https%3A%2F%2Fcm.g.doubleclick.net%2Fpixel%3Fgoogle_nid%3Dlkqd_dbm%26google_hm%3D%24%24rawlkqduserid%7Cbase64%24%24:0
[   11681ms] [ERROR] Failed to load resource: net::ERR_NAME_NOT_RESOLVED @ https://cs.lkqd.net/cs?partnerId=59&redirect=https%3A%2F%2Fcm.g.doubleclick.net%2Fpixel%3Fgoogle_nid%3Dlkqd_dbm%26google_hm%3D%24%24rawlkqduserid%7Cbase64%24%24:0
[   11873ms] [ERROR] Failed to load resource: net::ERR_NAME_NOT_RESOLVED @ https://cs.lkqd.net/cs?partnerId=59&redirect=https%3A%2F%2Fcm.g.doubleclick.net%2Fpixel%3Fgoogle_nid%3Dlkqd_dbm%26google_hm%3D%24%24rawlkqduserid%7Cbase64%24%24:0
[   15723ms] [ERROR] Failed to load resource: the server responded with a status of 400 (Bad Request) @ https://sync.adkernel.com/user-sync?zone=252325&gdpr=0&gdpr_consent=[GDPR_CONSENT]&us_privacy=&t=image&r=https%3A%2F%2Fittpx.eskimi.com%2Fsync%3Fdp_id%3D52%26gdpr%3D0%26gdpr_consent%3D[GDPR_CONSENT]%26us_privacy%3D%26user_id%3D%7BUID%7D:0
[   16757ms] [ERROR] Failed to load resource: the server responded with a status of 400 (Bad Request) @ https://sync.adkernel.com/user-sync?zone=252325&gdpr=0&gdpr_consent=[GDPR_CONSENT]&us_privacy=&t=image&r=https%3A%2F%2Fittpx.eskimi.com%2Fsync%3Fdp_id%3D52%26gdpr%3D0%26gdpr_consent%3D[GDPR_CONSENT]%26us_privacy%3D%26user_id%3D%7BUID%7D:0
[   16930ms] [ERROR] Failed to load resource: the server responded with a status of 400 (Bad Request) @ https://sync.adkernel.com/user-sync?zone=252325&gdpr=0&gdpr_consent=[GDPR_CONSENT]&us_privacy=&t=image&r=https%3A%2F%2Fittpx.eskimi.com%2Fsync%3Fdp_id%3D52%26gdpr%3D0%26gdpr_consent%3D[GDPR_CONSENT]%26us_privacy%3D%26user_id%3D%7BUID%7D:0
[   20089ms] [ERROR] Failed to load resource: net::ERR_SOCKET_NOT_CONNECTED @ https://tracker.rtb-oveeo.com/sync?id=187&uid=85fd7b7b-3525-4faf-984d-2403067cb906:0
[   20774ms] [ERROR] Failed to load resource: the server responded with a status of 400 (Bad Request) @ https://us4.shb-sync.com/a760a5a7-e35e-49b8-9f5e-723455346741.gif?puid=3cba453f-139b-3269-b8c8-62cbca9f57e5&gdpr=&gdpr_consent=ccpa=:0
[   16433ms] [ERROR] Failed to load resource: net::ERR_NAME_NOT_RESOLVED @ https://cs.iqzone.com/6f0476ca45e1d6b67e3ee8d57532a022.gif?redir=https%3A%2F%2Fsync.cootlogix.com%2Fapi%2Fcookie%3FpartnerId%3Diqzone%26gdpr%3D0%26gdpr_consent%3D%5BGDPR_CONSENT%5D%26us_privacy%3D%26userId%3D%5BUID%5D&gdpr=0&gdpr_consent=%5BGDPR_CONSENT%5D&ccpa=:0
[   17326ms] [ERROR] Failed to load resource: net::ERR_NAME_NOT_RESOLVED @ https://cs.iqzone.com/6f0476ca45e1d6b67e3ee8d57532a022.gif?redir=https%3A%2F%2Fsync.cootlogix.com%2Fapi%2Fcookie%3FpartnerId%3Diqzone%26gdpr%3D%26gdpr_consent%3D%26us_privacy%3D%26userId%3D%5BUID%5D&gdpr=&gdpr_consent=&ccpa=:0
[   17477ms] [ERROR] Failed to load resource: net::ERR_NAME_NOT_RESOLVED @ https://cs.iqzone.com/6f0476ca45e1d6b67e3ee8d57532a022.gif?redir=https%3A%2F%2Fsync.cootlogix.com%2Fapi%2Fcookie%3FpartnerId%3Diqzone%26gdpr%3D%26gdpr_consent%3D%26us_privacy%3D%26userId%3D%5BUID%5D&gdpr=&gdpr_consent=&ccpa=:0
[   17824ms] [ERROR] Failed to load resource: the server responded with a status of 400 (Bad Request) @ https://us4.shb-sync.com/a760a5a7-e35e-49b8-9f5e-723455346741.gif?puid=3cba453f-139b-3269-b8c8-62cbca9f57e5&gdpr=&gdpr_consent=ccpa=:0
[   17959ms] [ERROR] Failed to load resource: the server responded with a status of 400 (Bad Request) @ https://us4.shb-sync.com/a760a5a7-e35e-49b8-9f5e-723455346741.gif?puid=3cba453f-139b-3269-b8c8-62cbca9f57e5&gdpr=&gdpr_consent=ccpa=:0
[   18385ms] [ERROR] Failed to load resource: net::ERR_NAME_NOT_RESOLVED @ https://cs.iqzone.com/6f0476ca45e1d6b67e3ee8d57532a022.gif?redir=https%3A%2F%2Fsync.cootlogix.com%2Fapi%2Fcookie%3FpartnerId%3Diqzone%26gdpr%3D%26gdpr_consent%3D%26us_privacy%3D%26userId%3D%5BUID%5D&gdpr=&gdpr_consent=&ccpa=:0
[   18481ms] [ERROR] Failed to load resource: the server responded with a status of 400 (Bad Request) @ https://us4.shb-sync.com/a760a5a7-e35e-49b8-9f5e-723455346741.gif?puid=3cba453f-139b-3269-b8c8-62cbca9f57e5&gdpr=&gdpr_consent=ccpa=:0
[   18526ms] [ERROR] Failed to load resource: net::ERR_NAME_NOT_RESOLVED @ https://cs.iqzone.com/6f0476ca45e1d6b67e3ee8d57532a022.gif?redir=https%3A%2F%2Fsync.cootlogix.com%2Fapi%2Fcookie%3FpartnerId%3Diqzone%26gdpr%3D%26gdpr_consent%3D%26us_privacy%3D%26userId%3D%5BUID%5D&gdpr=&gdpr_consent=&ccpa=:0
[   18576ms] [ERROR] Failed to load resource: the server responded with a status of 400 (Bad Request) @ https://us4.shb-sync.com/a760a5a7-e35e-49b8-9f5e-723455346741.gif?puid=3cba453f-139b-3269-b8c8-62cbca9f57e5&gdpr=&gdpr_consent=ccpa=:0
[   18682ms] [ERROR] Failed to load resource: the server responded with a status of 400 (Bad Request) @ https://us4.shb-sync.com/a760a5a7-e35e-49b8-9f5e-723455346741.gif?puid=3cba453f-139b-3269-b8c8-62cbca9f57e5&gdpr=&gdpr_consent=ccpa=:0
[   18683ms] [ERROR] Failed to load resource: net::ERR_NAME_NOT_RESOLVED @ https://cs.iqzone.com/6f0476ca45e1d6b67e3ee8d57532a022.gif?redir=https%3A%2F%2Fsync.cootlogix.com%2Fapi%2Fcookie%3FpartnerId%3Diqzone%26gdpr%3D%26gdpr_consent%3D%26us_privacy%3D%26userId%3D%5BUID%5D&gdpr=&gdpr_consent=&ccpa=:0
[   19430ms] [ERROR] Failed to load resource: net::ERR_NAME_NOT_RESOLVED @ https://cs.iqzone.com/6f0476ca45e1d6b67e3ee8d57532a022.gif?redir=https%3A%2F%2Fsync.cootlogix.com%2Fapi%2Fcookie%3FpartnerId%3Diqzone%26gdpr%3D%26gdpr_consent%3D%26us_privacy%3D%26userId%3D%5BUID%5D&gdpr=&gdpr_consent=&ccpa=:0
[   19536ms] [ERROR] Failed to load resource: the server responded with a status of 400 (Bad Request) @ https://us4.shb-sync.com/a760a5a7-e35e-49b8-9f5e-723455346741.gif?puid=3cba453f-139b-3269-b8c8-62cbca9f57e5&gdpr=&gdpr_consent=ccpa=:0
[   20655ms] [ERROR] Failed to load resource: net::ERR_NAME_NOT_RESOLVED @ https://cs.iqzone.com/6f0476ca45e1d6b67e3ee8d57532a022.gif?redir=https%3A%2F%2Fsync.cootlogix.com%2Fapi%2Fcookie%3FpartnerId%3Diqzone%26gdpr%3D%26gdpr_consent%3D%26us_privacy%3D%26userId%3D%5BUID%5D&gdpr=&gdpr_consent=&ccpa=:0
[   20774ms] [ERROR] Failed to load resource: the server responded with a status of 400 (Bad Request) @ https://us4.shb-sync.com/a760a5a7-e35e-49b8-9f5e-723455346741.gif?puid=3cba453f-139b-3269-b8c8-62cbca9f57e5&gdpr=&gdpr_consent=ccpa=:0
[   13644ms] [ERROR] Failed to load resource: the server responded with a status of 403 () @ https://elb.the-ozone-project.com/usersync-api/v1/getuid?&gdpr=0&gdpr_consent=[USER_CONSENT]&redirect=https%3A%2F%2Feu-u.openx.net%2Fw%2F1.0%2Fsd%3Fid%3D564903529%26val%3D%7B%7Buid%7D%7D:0
[   13767ms] [ERROR] Failed to load resource: net::ERR_NAME_NOT_RESOLVED @ https://px.owneriq.net/eox:0
[   13644ms] [ERROR] Failed to load resource: the server responded with a status of 403 () @ https://elb.the-ozone-project.com/usersync-api/v1/getuid?&gdpr=0&gdpr_consent=[USER_CONSENT]&redirect=https%3A%2F%2Feu-u.openx.net%2Fw%2F1.0%2Fsd%3Fid%3D564903529%26val%3D%7B%7Buid%7D%7D:0
[   13767ms] [ERROR] Failed to load resource: net::ERR_NAME_NOT_RESOLVED @ https://px.owneriq.net/eox:0
[   20865ms] [ERROR] Failed to load resource: net::ERR_HTTP2_SERVER_REFUSED_STREAM @ https://cs.admanmedia.com/e03deca3316b700a1ce99c41e324fd03.gif?puid=ID5-1-301182ec-2857-4923-964a-ab36c2d7df0a&redir=https%3A%2F%2Fsync.inmobi.com%2Fsetuid%3FbidderID%3D149%26dspUserId%3D%5BUID%5D&gdpr=0&gdpr_consent=:0
[   16433ms] [ERROR] Failed to load resource: net::ERR_NAME_NOT_RESOLVED @ https://cs.iqzone.com/6f0476ca45e1d6b67e3ee8d57532a022.gif?redir=https%3A%2F%2Fsync.cootlogix.com%2Fapi%2Fcookie%3FpartnerId%3Diqzone%26gdpr%3D0%26gdpr_consent%3D%5BGDPR_CONSENT%5D%26us_privacy%3D%26userId%3D%5BUID%5D&gdpr=0&gdpr_consent=%5BGDPR_CONSENT%5D&ccpa=:0
[   17326ms] [ERROR] Failed to load resource: net::ERR_NAME_NOT_RESOLVED @ https://cs.iqzone.com/6f0476ca45e1d6b67e3ee8d57532a022.gif?redir=https%3A%2F%2Fsync.cootlogix.com%2Fapi%2Fcookie%3FpartnerId%3Diqzone%26gdpr%3D%26gdpr_consent%3D%26us_privacy%3D%26userId%3D%5BUID%5D&gdpr=&gdpr_consent=&ccpa=:0
[   17477ms] [ERROR] Failed to load resource: net::ERR_NAME_NOT_RESOLVED @ https://cs.iqzone.com/6f0476ca45e1d6b67e3ee8d57532a022.gif?redir=https%3A%2F%2Fsync.cootlogix.com%2Fapi%2Fcookie%3FpartnerId%3Diqzone%26gdpr%3D%26gdpr_consent%3D%26us_privacy%3D%26userId%3D%5BUID%5D&gdpr=&gdpr_consent=&ccpa=:0
[   17824ms] [ERROR] Failed to load resource: the server responded with a status of 400 (Bad Request) @ https://us4.shb-sync.com/a760a5a7-e35e-49b8-9f5e-723455346741.gif?puid=3cba453f-139b-3269-b8c8-62cbca9f57e5&gdpr=&gdpr_consent=ccpa=:0
[   17959ms] [ERROR] Failed to load resource: the server responded with a status of 400 (Bad Request) @ https://us4.shb-sync.com/a760a5a7-e35e-49b8-9f5e-723455346741.gif?puid=3cba453f-139b-3269-b8c8-62cbca9f57e5&gdpr=&gdpr_consent=ccpa=:0
[   18385ms] [ERROR] Failed to load resource: net::ERR_NAME_NOT_RESOLVED @ https://cs.iqzone.com/6f0476ca45e1d6b67e3ee8d57532a022.gif?redir=https%3A%2F%2Fsync.cootlogix.com%2Fapi%2Fcookie%3FpartnerId%3Diqzone%26gdpr%3D%26gdpr_consent%3D%26us_privacy%3D%26userId%3D%5BUID%5D&gdpr=&gdpr_consent=&ccpa=:0
[   18481ms] [ERROR] Failed to load resource: the server responded with a status of 400 (Bad Request) @ https://us4.shb-sync.com/a760a5a7-e35e-49b8-9f5e-723455346741.gif?puid=3cba453f-139b-3269-b8c8-62cbca9f57e5&gdpr=&gdpr_consent=ccpa=:0
[   18526ms] [ERROR] Failed to load resource: net::ERR_NAME_NOT_RESOLVED @ https://cs.iqzone.com/6f0476ca45e1d6b67e3ee8d57532a022.gif?redir=https%3A%2F%2Fsync.cootlogix.com%2Fapi%2Fcookie%3FpartnerId%3Diqzone%26gdpr%3D%26gdpr_consent%3D%26us_privacy%3D%26userId%3D%5BUID%5D&gdpr=&gdpr_consent=&ccpa=:0
[   18576ms] [ERROR] Failed to load resource: the server responded with a status of 400 (Bad Request) @ https://us4.shb-sync.com/a760a5a7-e35e-49b8-9f5e-723455346741.gif?puid=3cba453f-139b-3269-b8c8-62cbca9f57e5&gdpr=&gdpr_consent=ccpa=:0
[   18682ms] [ERROR] Failed to load resource: the server responded with a status of 400 (Bad Request) @ https://us4.shb-sync.com/a760a5a7-e35e-49b8-9f5e-723455346741.gif?puid=3cba453f-139b-3269-b8c8-62cbca9f57e5&gdpr=&gdpr_consent=ccpa=:0
[   18683ms] [ERROR] Failed to load resource: net::ERR_NAME_NOT_RESOLVED @ https://cs.iqzone.com/6f0476ca45e1d6b67e3ee8d57532a022.gif?redir=https%3A%2F%2Fsync.cootlogix.com%2Fapi%2Fcookie%3FpartnerId%3Diqzone%26gdpr%3D%26gdpr_consent%3D%26us_privacy%3D%26userId%3D%5BUID%5D&gdpr=&gdpr_consent=&ccpa=:0
[   19430ms] [ERROR] Failed to load resource: net::ERR_NAME_NOT_RESOLVED @ https://cs.iqzone.com/6f0476ca45e1d6b67e3ee8d57532a022.gif?redir=https%3A%2F%2Fsync.cootlogix.com%2Fapi%2Fcookie%3FpartnerId%3Diqzone%26gdpr%3D%26gdpr_consent%3D%26us_privacy%3D%26userId%3D%5BUID%5D&gdpr=&gdpr_consent=&ccpa=:0
[   19536ms] [ERROR] Failed to load resource: the server responded with a status of 400 (Bad Request) @ https://us4.shb-sync.com/a760a5a7-e35e-49b8-9f5e-723455346741.gif?puid=3cba453f-139b-3269-b8c8-62cbca9f57e5&gdpr=&gdpr_consent=ccpa=:0
[   20655ms] [ERROR] Failed to load resource: net::ERR_NAME_NOT_RESOLVED @ https://cs.iqzone.com/6f0476ca45e1d6b67e3ee8d57532a022.gif?redir=https%3A%2F%2Fsync.cootlogix.com%2Fapi%2Fcookie%3FpartnerId%3Diqzone%26gdpr%3D%26gdpr_consent%3D%26us_privacy%3D%26userId%3D%5BUID%5D&gdpr=&gdpr_consent=&ccpa=:0
[   20774ms] [ERROR] Failed to load resource: the server responded with a status of 400 (Bad Request) @ https://us4.shb-sync.com/a760a5a7-e35e-49b8-9f5e-723455346741.gif?puid=3cba453f-139b-3269-b8c8-62cbca9f57e5&gdpr=&gdpr_consent=ccpa=:0
[   13994ms] [ERROR] Failed to load resource: net::ERR_NAME_NOT_RESOLVED @ https://cs.iqzone.com/570908b7e92df631fee32098aa272f7b.gif?puid=MSsg%2BGqbRfom23xxXz5VSw%3D%3D&gdpr=&gdpr_consent=&ccpa=&coppa=&redir=https%3A%2F%2Fssc-cms.33across.com%2Fps%2F%3Fxi%3D145%26ts%3D1788560891278.6%26us_privacy%3D%26xu%3D%5BUID%5D%26gpp_sid%3D%26gpp%3D:0
[   13994ms] [ERROR] Failed to load resource: net::ERR_NAME_NOT_RESOLVED @ https://cs.iqzone.com/570908b7e92df631fee32098aa272f7b.gif?puid=ZqrLkWqbRfruO0BjX0clmw%3D%3D&gdpr=&gdpr_consent=&ccpa=&coppa=&redir=https%3A%2F%2Fssc-cms.33across.com%2Fps%2F%3Fxi%3D145%26ts%3D1788560891166.6%26us_privacy%3D%26xu%3D%5BUID%5D%26gpp_sid%3D%26gpp%3D:0
[   13995ms] [ERROR] Failed to load resource: net::ERR_NAME_NOT_RESOLVED @ https://cs.iqzone.com/570908b7e92df631fee32098aa272f7b.gif?puid=ZqrLkWqbRfruO0BjX0clmw%3D%3D&gdpr=&gdpr_consent=&ccpa=&coppa=&redir=https%3A%2F%2Fssc-cms.33across.com%2Fps%2F%3Fxi%3D145%26ts%3D1788560891158.6%26us_privacy%3D%26xu%3D%5BUID%5D%26gpp_sid%3D%26gpp%3D:0
[   13995ms] [ERROR] Failed to load resource: net::ERR_NAME_NOT_RESOLVED @ https://cs.iqzone.com/570908b7e92df631fee32098aa272f7b.gif?puid=6Sde5GqbRfsgPA4xX03y4A%3D%3D&gdpr=&gdpr_consent=&ccpa=&coppa=&redir=https%3A%2F%2Fssc-cms.33across.com%2Fps%2F%3Fxi%3D145%26ts%3D1788560891362.6%26us_privacy%3D%26xu%3D%5BUID%5D%26gpp_sid%3D%26gpp%3D:0
[   14075ms] [ERROR] Failed to load resource: net::ERR_NAME_NOT_RESOLVED @ https://cs.iqzone.com/570908b7e92df631fee32098aa272f7b.gif?puid=ZqrLkWqbRfruO0BjX0clmw%3D%3D&gdpr=&gdpr_consent=&ccpa=&coppa=&redir=https%3A%2F%2Fssc-cms.33across.com%2Fps%2F%3Fxi%3D145%26ts%3D1788560891166.6%26us_privacy%3D%26xu%3D%5BUID%5D%26gpp_sid%3D%26gpp%3D:0
[   16296ms] [ERROR] Failed to load resource: net::ERR_NAME_NOT_RESOLVED @ https://usermatch.krxd.net/um/v2?partner=tapad:0
[   17757ms] [ERROR] Failed to load resource: net::ERR_HTTP2_SERVER_REFUSED_STREAM @ https://cs.admanmedia.com/94fd017f496d404a25fc5546f959bf2f.gif?gdpr=&gdpr_consent=&us_privacy=&redir=https%3A%2F%2Fsync.kueezrtb.com%2Fapi%2Fcookie%3FpartnerId%3Dkueez-acuity%26gdpr%3D%26gdpr_consent%3D%26us_privacy%3D%26userId%3D%5BUID%5D:0
[   18779ms] [ERROR] Failed to load resource: net::ERR_HTTP2_SERVER_REFUSED_STREAM @ https://cs.admanmedia.com/94fd017f496d404a25fc5546f959bf2f.gif?gdpr=0&gdpr_consent=&us_privacy=&redir=https%3A%2F%2Fsync.kueezrtb.com%2Fapi%2Fcookie%3FpartnerId%3Dkueez-acuity%26gdpr%3D0%26gdpr_consent%3D%26us_privacy%3D%26userId%3D%5BUID%5D:0
[   19112ms] [ERROR] Failed to load resource: the server responded with a status of 404 () @ https://cs.admanmedia.com/94fd017f496d404a25fc5546f959bf2f.gif?gdpr=0&gdpr_consent=&us_privacy=&redir=https%3A%2F%2Fsync.kueezrtb.com%2Fapi%2Fcookie%3FpartnerId%3Dkueez-acuity%26gdpr%3D0%26gdpr_consent%3D%26us_privacy%3D%26userId%3D%5BUID%5D:0
[   19937ms] [ERROR] Failed to load resource: the server responded with a status of 404 () @ https://cs.admanmedia.com/94fd017f496d404a25fc5546f959bf2f.gif?gdpr=0&gdpr_consent=&us_privacy=&redir=https%3A%2F%2Fsync.kueezrtb.com%2Fapi%2Fcookie%3FpartnerId%3Dkueez-acuity%26gdpr%3D0%26gdpr_consent%3D%26us_privacy%3D%26userId%3D%5BUID%5D:0
[   20959ms] [ERROR] Failed to load resource: net::ERR_NAME_NOT_RESOLVED @ https://cs.iqzone.com/6f0476ca45e1d6b67e3ee8d57532a022.gif?redir=https%3A%2F%2Fsync.cootlogix.com%2Fapi%2Fcookie%3FpartnerId%3Diqzone%26gdpr%3D%26gdpr_consent%3D%26us_privacy%3D%26userId%3D%5BUID%5D&gdpr=&gdpr_consent=&ccpa=:0
[   15723ms] [ERROR] Failed to load resource: the server responded with a status of 400 (Bad Request) @ https://sync.adkernel.com/user-sync?zone=252325&gdpr=0&gdpr_consent=[GDPR_CONSENT]&us_privacy=&t=image&r=https%3A%2F%2Fittpx.eskimi.com%2Fsync%3Fdp_id%3D52%26gdpr%3D0%26gdpr_consent%3D[GDPR_CONSENT]%26us_privacy%3D%26user_id%3D%7BUID%7D:0
[   16757ms] [ERROR] Failed to load resource: the server responded with a status of 400 (Bad Request) @ https://sync.adkernel.com/user-sync?zone=252325&gdpr=0&gdpr_consent=[GDPR_CONSENT]&us_privacy=&t=image&r=https%3A%2F%2Fittpx.eskimi.com%2Fsync%3Fdp_id%3D52%26gdpr%3D0%26gdpr_consent%3D[GDPR_CONSENT]%26us_privacy%3D%26user_id%3D%7BUID%7D:0
[   16930ms] [ERROR] Failed to load resource: the server responded with a status of 400 (Bad Request) @ https://sync.adkernel.com/user-sync?zone=252325&gdpr=0&gdpr_consent=[GDPR_CONSENT]&us_privacy=&t=image&r=https%3A%2F%2Fittpx.eskimi.com%2Fsync%3Fdp_id%3D52%26gdpr%3D0%26gdpr_consent%3D[GDPR_CONSENT]%26us_privacy%3D%26user_id%3D%7BUID%7D:0
[   20089ms] [ERROR] Failed to load resource: net::ERR_SOCKET_NOT_CONNECTED @ https://tracker.rtb-oveeo.com/sync?id=187&uid=85fd7b7b-3525-4faf-984d-2403067cb906:0
[   16433ms] [ERROR] Failed to load resource: net::ERR_NAME_NOT_RESOLVED @ https://cs.iqzone.com/6f0476ca45e1d6b67e3ee8d57532a022.gif?redir=https%3A%2F%2Fsync.cootlogix.com%2Fapi%2Fcookie%3FpartnerId%3Diqzone%26gdpr%3D0%26gdpr_consent%3D%5BGDPR_CONSENT%5D%26us_privacy%3D%26userId%3D%5BUID%5D&gdpr=0&gdpr_consent=%5BGDPR_CONSENT%5D&ccpa=:0
[   17326ms] [ERROR] Failed to load resource: net::ERR_NAME_NOT_RESOLVED @ https://cs.iqzone.com/6f0476ca45e1d6b67e3ee8d57532a022.gif?redir=https%3A%2F%2Fsync.cootlogix.com%2Fapi%2Fcookie%3FpartnerId%3Diqzone%26gdpr%3D%26gdpr_consent%3D%26us_privacy%3D%26userId%3D%5BUID%5D&gdpr=&gdpr_consent=&ccpa=:0
[   17477ms] [ERROR] Failed to load resource: net::ERR_NAME_NOT_RESOLVED @ https://cs.iqzone.com/6f0476ca45e1d6b67e3ee8d57532a022.gif?redir=https%3A%2F%2Fsync.cootlogix.com%2Fapi%2Fcookie%3FpartnerId%3Diqzone%26gdpr%3D%26gdpr_consent%3D%26us_privacy%3D%26userId%3D%5BUID%5D&gdpr=&gdpr_consent=&ccpa=:0
[   17824ms] [ERROR] Failed to load resource: the server responded with a status of 400 (Bad Request) @ https://us4.shb-sync.com/a760a5a7-e35e-49b8-9f5e-723455346741.gif?puid=3cba453f-139b-3269-b8c8-62cbca9f57e5&gdpr=&gdpr_consent=ccpa=:0
[   17959ms] [ERROR] Failed to load resource: the server responded with a status of 400 (Bad Request) @ https://us4.shb-sync.com/a760a5a7-e35e-49b8-9f5e-723455346741.gif?puid=3cba453f-139b-3269-b8c8-62cbca9f57e5&gdpr=&gdpr_consent=ccpa=:0
[   18385ms] [ERROR] Failed to load resource: net::ERR_NAME_NOT_RESOLVED @ https://cs.iqzone.com/6f0476ca45e1d6b67e3ee8d57532a022.gif?redir=https%3A%2F%2Fsync.cootlogix.com%2Fapi%2Fcookie%3FpartnerId%3Diqzone%26gdpr%3D%26gdpr_consent%3D%26us_privacy%3D%26userId%3D%5BUID%5D&gdpr=&gdpr_consent=&ccpa=:0
[   18481ms] [ERROR] Failed to load resource: the server responded with a status of 400 (Bad Request) @ https://us4.shb-sync.com/a760a5a7-e35e-49b8-9f5e-723455346741.gif?puid=3cba453f-139b-3269-b8c8-62cbca9f57e5&gdpr=&gdpr_consent=ccpa=:0
[   18526ms] [ERROR] Failed to load resource: net::ERR_NAME_NOT_RESOLVED @ https://cs.iqzone.com/6f0476ca45e1d6b67e3ee8d57532a022.gif?redir=https%3A%2F%2Fsync.cootlogix.com%2Fapi%2Fcookie%3FpartnerId%3Diqzone%26gdpr%3D%26gdpr_consent%3D%26us_privacy%3D%26userId%3D%5BUID%5D&gdpr=&gdpr_consent=&ccpa=:0
[   18576ms] [ERROR] Failed to load resource: the server responded with a status of 400 (Bad Request) @ https://us4.shb-sync.com/a760a5a7-e35e-49b8-9f5e-723455346741.gif?puid=3cba453f-139b-3269-b8c8-62cbca9f57e5&gdpr=&gdpr_consent=ccpa=:0
[   18682ms] [ERROR] Failed to load resource: the server responded with a status of 400 (Bad Request) @ https://us4.shb-sync.com/a760a5a7-e35e-49b8-9f5e-723455346741.gif?puid=3cba453f-139b-3269-b8c8-62cbca9f57e5&gdpr=&gdpr_consent=ccpa=:0
[   18683ms] [ERROR] Failed to load resource: net::ERR_NAME_NOT_RESOLVED @ https://cs.iqzone.com/6f0476ca45e1d6b67e3ee8d57532a022.gif?redir=https%3A%2F%2Fsync.cootlogix.com%2Fapi%2Fcookie%3FpartnerId%3Diqzone%26gdpr%3D%26gdpr_consent%3D%26us_privacy%3D%26userId%3D%5BUID%5D&gdpr=&gdpr_consent=&ccpa=:0
[   19430ms] [ERROR] Failed to load resource: net::ERR_NAME_NOT_RESOLVED @ https://cs.iqzone.com/6f0476ca45e1d6b67e3ee8d57532a022.gif?redir=https%3A%2F%2Fsync.cootlogix.com%2Fapi%2Fcookie%3FpartnerId%3Diqzone%26gdpr%3D%26gdpr_consent%3D%26us_privacy%3D%26userId%3D%5BUID%5D&gdpr=&gdpr_consent=&ccpa=:0
[   19536ms] [ERROR] Failed to load resource: the server responded with a status of 400 (Bad Request) @ https://us4.shb-sync.com/a760a5a7-e35e-49b8-9f5e-723455346741.gif?puid=3cba453f-139b-3269-b8c8-62cbca9f57e5&gdpr=&gdpr_consent=ccpa=:0
[   20655ms] [ERROR] Failed to load resource: net::ERR_NAME_NOT_RESOLVED @ https://cs.iqzone.com/6f0476ca45e1d6b67e3ee8d57532a022.gif?redir=https%3A%2F%2Fsync.cootlogix.com%2Fapi%2Fcookie%3FpartnerId%3Diqzone%26gdpr%3D%26gdpr_consent%3D%26us_privacy%3D%26userId%3D%5BUID%5D&gdpr=&gdpr_consent=&ccpa=:0
[   20774ms] [ERROR] Failed to load resource: the server responded with a status of 400 (Bad Request) @ https://us4.shb-sync.com/a760a5a7-e35e-49b8-9f5e-723455346741.gif?puid=3cba453f-139b-3269-b8c8-62cbca9f57e5&gdpr=&gdpr_consent=ccpa=:0
[   20959ms] [ERROR] Failed to load resource: net::ERR_NAME_NOT_RESOLVED @ https://cs.iqzone.com/6f0476ca45e1d6b67e3ee8d57532a022.gif?redir=https%3A%2F%2Fsync.cootlogix.com%2Fapi%2Fcookie%3FpartnerId%3Diqzone%26gdpr%3D%26gdpr_consent%3D%26us_privacy%3D%26userId%3D%5BUID%5D&gdpr=&gdpr_consent=&ccpa=:0
[   13644ms] [ERROR] Failed to load resource: the server responded with a status of 403 () @ https://elb.the-ozone-project.com/usersync-api/v1/getuid?&gdpr=0&gdpr_consent=[USER_CONSENT]&redirect=https%3A%2F%2Feu-u.openx.net%2Fw%2F1.0%2Fsd%3Fid%3D564903529%26val%3D%7B%7Buid%7D%7D:0
[   13767ms] [ERROR] Failed to load resource: net::ERR_NAME_NOT_RESOLVED @ https://px.owneriq.net/eox:0
[   13644ms] [ERROR] Failed to load resource: the server responded with a status of 403 () @ https://elb.the-ozone-project.com/usersync-api/v1/getuid?&gdpr=0&gdpr_consent=[USER_CONSENT]&redirect=https%3A%2F%2Feu-u.openx.net%2Fw%2F1.0%2Fsd%3Fid%3D564903529%26val%3D%7B%7Buid%7D%7D:0
[   13767ms] [ERROR] Failed to load resource: net::ERR_NAME_NOT_RESOLVED @ https://px.owneriq.net/eox:0
[   16433ms] [ERROR] Failed to load resource: net::ERR_NAME_NOT_RESOLVED @ https://cs.iqzone.com/6f0476ca45e1d6b67e3ee8d57532a022.gif?redir=https%3A%2F%2Fsync.cootlogix.com%2Fapi%2Fcookie%3FpartnerId%3Diqzone%26gdpr%3D0%26gdpr_consent%3D%5BGDPR_CONSENT%5D%26us_privacy%3D%26userId%3D%5BUID%5D&gdpr=0&gdpr_consent=%5BGDPR_CONSENT%5D&ccpa=:0
[   17326ms] [ERROR] Failed to load resource: net::ERR_NAME_NOT_RESOLVED @ https://cs.iqzone.com/6f0476ca45e1d6b67e3ee8d57532a022.gif?redir=https%3A%2F%2Fsync.cootlogix.com%2Fapi%2Fcookie%3FpartnerId%3Diqzone%26gdpr%3D%26gdpr_consent%3D%26us_privacy%3D%26userId%3D%5BUID%5D&gdpr=&gdpr_consent=&ccpa=:0
[   17477ms] [ERROR] Failed to load resource: net::ERR_NAME_NOT_RESOLVED @ https://cs.iqzone.com/6f0476ca45e1d6b67e3ee8d57532a022.gif?redir=https%3A%2F%2Fsync.cootlogix.com%2Fapi%2Fcookie%3FpartnerId%3Diqzone%26gdpr%3D%26gdpr_consent%3D%26us_privacy%3D%26userId%3D%5BUID%5D&gdpr=&gdpr_consent=&ccpa=:0
[   17824ms] [ERROR] Failed to load resource: the server responded with a status of 400 (Bad Request) @ https://us4.shb-sync.com/a760a5a7-e35e-49b8-9f5e-723455346741.gif?puid=3cba453f-139b-3269-b8c8-62cbca9f57e5&gdpr=&gdpr_consent=ccpa=:0
[   17959ms] [ERROR] Failed to load resource: the server responded with a status of 400 (Bad Request) @ https://us4.shb-sync.com/a760a5a7-e35e-49b8-9f5e-723455346741.gif?puid=3cba453f-139b-3269-b8c8-62cbca9f57e5&gdpr=&gdpr_consent=ccpa=:0
[   18385ms] [ERROR] Failed to load resource: net::ERR_NAME_NOT_RESOLVED @ https://cs.iqzone.com/6f0476ca45e1d6b67e3ee8d57532a022.gif?redir=https%3A%2F%2Fsync.cootlogix.com%2Fapi%2Fcookie%3FpartnerId%3Diqzone%26gdpr%3D%26gdpr_consent%3D%26us_privacy%3D%26userId%3D%5BUID%5D&gdpr=&gdpr_consent=&ccpa=:0
[   18481ms] [ERROR] Failed to load resource: the server responded with a status of 400 (Bad Request) @ https://us4.shb-sync.com/a760a5a7-e35e-49b8-9f5e-723455346741.gif?puid=3cba453f-139b-3269-b8c8-62cbca9f57e5&gdpr=&gdpr_consent=ccpa=:0
[   18526ms] [ERROR] Failed to load resource: net::ERR_NAME_NOT_RESOLVED @ https://cs.iqzone.com/6f0476ca45e1d6b67e3ee8d57532a022.gif?redir=https%3A%2F%2Fsync.cootlogix.com%2Fapi%2Fcookie%3FpartnerId%3Diqzone%26gdpr%3D%26gdpr_consent%3D%26us_privacy%3D%26userId%3D%5BUID%5D&gdpr=&gdpr_consent=&ccpa=:0
[   18576ms] [ERROR] Failed to load resource: the server responded with a status of 400 (Bad Request) @ https://us4.shb-sync.com/a760a5a7-e35e-49b8-9f5e-723455346741.gif?puid=3cba453f-139b-3269-b8c8-62cbca9f57e5&gdpr=&gdpr_consent=ccpa=:0
[   18682ms] [ERROR] Failed to load resource: the server responded with a status of 400 (Bad Request) @ https://us4.shb-sync.com/a760a5a7-e35e-49b8-9f5e-723455346741.gif?puid=3cba453f-139b-3269-b8c8-62cbca9f57e5&gdpr=&gdpr_consent=ccpa=:0
[   18683ms] [ERROR] Failed to load resource: net::ERR_NAME_NOT_RESOLVED @ https://cs.iqzone.com/6f0476ca45e1d6b67e3ee8d57532a022.gif?redir=https%3A%2F%2Fsync.cootlogix.com%2Fapi%2Fcookie%3FpartnerId%3Diqzone%26gdpr%3D%26gdpr_consent%3D%26us_privacy%3D%26userId%3D%5BUID%5D&gdpr=&gdpr_consent=&ccpa=:0
[   19430ms] [ERROR] Failed to load resource: net::ERR_NAME_NOT_RESOLVED @ https://cs.iqzone.com/6f0476ca45e1d6b67e3ee8d57532a022.gif?redir=https%3A%2F%2Fsync.cootlogix.com%2Fapi%2Fcookie%3FpartnerId%3Diqzone%26gdpr%3D%26gdpr_consent%3D%26us_privacy%3D%26userId%3D%5BUID%5D&gdpr=&gdpr_consent=&ccpa=:0
[   19536ms] [ERROR] Failed to load resource: the server responded with a status of 400 (Bad Request) @ https://us4.shb-sync.com/a760a5a7-e35e-49b8-9f5e-723455346741.gif?puid=3cba453f-139b-3269-b8c8-62cbca9f57e5&gdpr=&gdpr_consent=ccpa=:0
[   20655ms] [ERROR] Failed to load resource: net::ERR_NAME_NOT_RESOLVED @ https://cs.iqzone.com/6f0476ca45e1d6b67e3ee8d57532a022.gif?redir=https%3A%2F%2Fsync.cootlogix.com%2Fapi%2Fcookie%3FpartnerId%3Diqzone%26gdpr%3D%26gdpr_consent%3D%26us_privacy%3D%26userId%3D%5BUID%5D&gdpr=&gdpr_consent=&ccpa=:0
[   20774ms] [ERROR] Failed to load resource: the server responded with a status of 400 (Bad Request) @ https://us4.shb-sync.com/a760a5a7-e35e-49b8-9f5e-723455346741.gif?puid=3cba453f-139b-3269-b8c8-62cbca9f57e5&gdpr=&gdpr_consent=ccpa=:0
[   20959ms] [ERROR] Failed to load resource: net::ERR_NAME_NOT_RESOLVED @ https://cs.iqzone.com/6f0476ca45e1d6b67e3ee8d57532a022.gif?redir=https%3A%2F%2Fsync.cootlogix.com%2Fapi%2Fcookie%3FpartnerId%3Diqzone%26gdpr%3D%26gdpr_consent%3D%26us_privacy%3D%26userId%3D%5BUID%5D&gdpr=&gdpr_consent=&ccpa=:0
[   16433ms] [ERROR] Failed to load resource: net::ERR_NAME_NOT_RESOLVED @ https://cs.iqzone.com/6f0476ca45e1d6b67e3ee8d57532a022.gif?redir=https%3A%2F%2Fsync.cootlogix.com%2Fapi%2Fcookie%3FpartnerId%3Diqzone%26gdpr%3D0%26gdpr_consent%3D%5BGDPR_CONSENT%5D%26us_privacy%3D%26userId%3D%5BUID%5D&gdpr=0&gdpr_consent=%5BGDPR_CONSENT%5D&ccpa=:0
[   17326ms] [ERROR] Failed to load resource: net::ERR_NAME_NOT_RESOLVED @ https://cs.iqzone.com/6f0476ca45e1d6b67e3ee8d57532a022.gif?redir=https%3A%2F%2Fsync.cootlogix.com%2Fapi%2Fcookie%3FpartnerId%3Diqzone%26gdpr%3D%26gdpr_consent%3D%26us_privacy%3D%26userId%3D%5BUID%5D&gdpr=&gdpr_consent=&ccpa=:0
[   17477ms] [ERROR] Failed to load resource: net::ERR_NAME_NOT_RESOLVED @ https://cs.iqzone.com/6f0476ca45e1d6b67e3ee8d57532a022.gif?redir=https%3A%2F%2Fsync.cootlogix.com%2Fapi%2Fcookie%3FpartnerId%3Diqzone%26gdpr%3D%26gdpr_consent%3D%26us_privacy%3D%26userId%3D%5BUID%5D&gdpr=&gdpr_consent=&ccpa=:0
[   17824ms] [ERROR] Failed to load resource: the server responded with a status of 400 (Bad Request) @ https://us4.shb-sync.com/a760a5a7-e35e-49b8-9f5e-723455346741.gif?puid=3cba453f-139b-3269-b8c8-62cbca9f57e5&gdpr=&gdpr_consent=ccpa=:0
[   17959ms] [ERROR] Failed to load resource: the server responded with a status of 400 (Bad Request) @ https://us4.shb-sync.com/a760a5a7-e35e-49b8-9f5e-723455346741.gif?puid=3cba453f-139b-3269-b8c8-62cbca9f57e5&gdpr=&gdpr_consent=ccpa=:0
[   18385ms] [ERROR] Failed to load resource: net::ERR_NAME_NOT_RESOLVED @ https://cs.iqzone.com/6f0476ca45e1d6b67e3ee8d57532a022.gif?redir=https%3A%2F%2Fsync.cootlogix.com%2Fapi%2Fcookie%3FpartnerId%3Diqzone%26gdpr%3D%26gdpr_consent%3D%26us_privacy%3D%26userId%3D%5BUID%5D&gdpr=&gdpr_consent=&ccpa=:0
[   18481ms] [ERROR] Failed to load resource: the server responded with a status of 400 (Bad Request) @ https://us4.shb-sync.com/a760a5a7-e35e-49b8-9f5e-723455346741.gif?puid=3cba453f-139b-3269-b8c8-62cbca9f57e5&gdpr=&gdpr_consent=ccpa=:0
[   18526ms] [ERROR] Failed to load resource: net::ERR_NAME_NOT_RESOLVED @ https://cs.iqzone.com/6f0476ca45e1d6b67e3ee8d57532a022.gif?redir=https%3A%2F%2Fsync.cootlogix.com%2Fapi%2Fcookie%3FpartnerId%3Diqzone%26gdpr%3D%26gdpr_consent%3D%26us_privacy%3D%26userId%3D%5BUID%5D&gdpr=&gdpr_consent=&ccpa=:0
[   18576ms] [ERROR] Failed to load resource: the server responded with a status of 400 (Bad Request) @ https://us4.shb-sync.com/a760a5a7-e35e-49b8-9f5e-723455346741.gif?puid=3cba453f-139b-3269-b8c8-62cbca9f57e5&gdpr=&gdpr_consent=ccpa=:0
[   18682ms] [ERROR] Failed to load resource: the server responded with a status of 400 (Bad Request) @ https://us4.shb-sync.com/a760a5a7-e35e-49b8-9f5e-723455346741.gif?puid=3cba453f-139b-3269-b8c8-62cbca9f57e5&gdpr=&gdpr_consent=ccpa=:0
[   18683ms] [ERROR] Failed to load resource: net::ERR_NAME_NOT_RESOLVED @ https://cs.iqzone.com/6f0476ca45e1d6b67e3ee8d57532a022.gif?redir=https%3A%2F%2Fsync.cootlogix.com%2Fapi%2Fcookie%3FpartnerId%3Diqzone%26gdpr%3D%26gdpr_consent%3D%26us_privacy%3D%26userId%3D%5BUID%5D&gdpr=&gdpr_consent=&ccpa=:0
[   19430ms] [ERROR] Failed to load resource: net::ERR_NAME_NOT_RESOLVED @ https://cs.iqzone.com/6f0476ca45e1d6b67e3ee8d57532a022.gif?redir=https%3A%2F%2Fsync.cootlogix.com%2Fapi%2Fcookie%3FpartnerId%3Diqzone%26gdpr%3D%26gdpr_consent%3D%26us_privacy%3D%26userId%3D%5BUID%5D&gdpr=&gdpr_consent=&ccpa=:0
[   19536ms] [ERROR] Failed to load resource: the server responded with a status of 400 (Bad Request) @ https://us4.shb-sync.com/a760a5a7-e35e-49b8-9f5e-723455346741.gif?puid=3cba453f-139b-3269-b8c8-62cbca9f57e5&gdpr=&gdpr_consent=ccpa=:0
[   20655ms] [ERROR] Failed to load resource: net::ERR_NAME_NOT_RESOLVED @ https://cs.iqzone.com/6f0476ca45e1d6b67e3ee8d57532a022.gif?redir=https%3A%2F%2Fsync.cootlogix.com%2Fapi%2Fcookie%3FpartnerId%3Diqzone%26gdpr%3D%26gdpr_consent%3D%26us_privacy%3D%26userId%3D%5BUID%5D&gdpr=&gdpr_consent=&ccpa=:0
[   20774ms] [ERROR] Failed to load resource: the server responded with a status of 400 (Bad Request) @ https://us4.shb-sync.com/a760a5a7-e35e-49b8-9f5e-723455346741.gif?puid=3cba453f-139b-3269-b8c8-62cbca9f57e5&gdpr=&gdpr_consent=ccpa=:0
[   20959ms] [ERROR] Failed to load resource: net::ERR_NAME_NOT_RESOLVED @ https://cs.iqzone.com/6f0476ca45e1d6b67e3ee8d57532a022.gif?redir=https%3A%2F%2Fsync.cootlogix.com%2Fapi%2Fcookie%3FpartnerId%3Diqzone%26gdpr%3D%26gdpr_consent%3D%26us_privacy%3D%26userId%3D%5BUID%5D&gdpr=&gdpr_consent=&ccpa=:0
[   13644ms] [ERROR] Failed to load resource: the server responded with a status of 403 () @ https://elb.the-ozone-project.com/usersync-api/v1/getuid?&gdpr=0&gdpr_consent=[USER_CONSENT]&redirect=https%3A%2F%2Feu-u.openx.net%2Fw%2F1.0%2Fsd%3Fid%3D564903529%26val%3D%7B%7Buid%7D%7D:0
[   13767ms] [ERROR] Failed to load resource: net::ERR_NAME_NOT_RESOLVED @ https://px.owneriq.net/eox:0
[   21144ms] [ERROR] Failed to load resource: the server responded with a status of 400 (Bad Request) @ https://us4.shb-sync.com/a760a5a7-e35e-49b8-9f5e-723455346741.gif?puid=3cba453f-139b-3269-b8c8-62cbca9f57e5&gdpr=&gdpr_consent=ccpa=:0
[   21183ms] [ERROR] Failed to load resource: net::ERR_NAME_NOT_RESOLVED @ https://cs.iqzone.com/6f0476ca45e1d6b67e3ee8d57532a022.gif?redir=https%3A%2F%2Fsync.cootlogix.com%2Fapi%2Fcookie%3FpartnerId%3Diqzone%26gdpr%3D%26gdpr_consent%3D%26us_privacy%3D%26userId%3D%5BUID%5D&gdpr=&gdpr_consent=&ccpa=:0
[   16433ms] [ERROR] Failed to load resource: net::ERR_NAME_NOT_RESOLVED @ https://cs.iqzone.com/6f0476ca45e1d6b67e3ee8d57532a022.gif?redir=https%3A%2F%2Fsync.cootlogix.com%2Fapi%2Fcookie%3FpartnerId%3Diqzone%26gdpr%3D0%26gdpr_consent%3D%5BGDPR_CONSENT%5D%26us_privacy%3D%26userId%3D%5BUID%5D&gdpr=0&gdpr_consent=%5BGDPR_CONSENT%5D&ccpa=:0
[   17326ms] [ERROR] Failed to load resource: net::ERR_NAME_NOT_RESOLVED @ https://cs.iqzone.com/6f0476ca45e1d6b67e3ee8d57532a022.gif?redir=https%3A%2F%2Fsync.cootlogix.com%2Fapi%2Fcookie%3FpartnerId%3Diqzone%26gdpr%3D%26gdpr_consent%3D%26us_privacy%3D%26userId%3D%5BUID%5D&gdpr=&gdpr_consent=&ccpa=:0
[   17477ms] [ERROR] Failed to load resource: net::ERR_NAME_NOT_RESOLVED @ https://cs.iqzone.com/6f0476ca45e1d6b67e3ee8d57532a022.gif?redir=https%3A%2F%2Fsync.cootlogix.com%2Fapi%2Fcookie%3FpartnerId%3Diqzone%26gdpr%3D%26gdpr_consent%3D%26us_privacy%3D%26userId%3D%5BUID%5D&gdpr=&gdpr_consent=&ccpa=:0
[   17824ms] [ERROR] Failed to load resource: the server responded with a status of 400 (Bad Request) @ https://us4.shb-sync.com/a760a5a7-e35e-49b8-9f5e-723455346741.gif?puid=3cba453f-139b-3269-b8c8-62cbca9f57e5&gdpr=&gdpr_consent=ccpa=:0
[   17959ms] [ERROR] Failed to load resource: the server responded with a status of 400 (Bad Request) @ https://us4.shb-sync.com/a760a5a7-e35e-49b8-9f5e-723455346741.gif?puid=3cba453f-139b-3269-b8c8-62cbca9f57e5&gdpr=&gdpr_consent=ccpa=:0
[   18385ms] [ERROR] Failed to load resource: net::ERR_NAME_NOT_RESOLVED @ https://cs.iqzone.com/6f0476ca45e1d6b67e3ee8d57532a022.gif?redir=https%3A%2F%2Fsync.cootlogix.com%2Fapi%2Fcookie%3FpartnerId%3Diqzone%26gdpr%3D%26gdpr_consent%3D%26us_privacy%3D%26userId%3D%5BUID%5D&gdpr=&gdpr_consent=&ccpa=:0
[   18481ms] [ERROR] Failed to load resource: the server responded with a status of 400 (Bad Request) @ https://us4.shb-sync.com/a760a5a7-e35e-49b8-9f5e-723455346741.gif?puid=3cba453f-139b-3269-b8c8-62cbca9f57e5&gdpr=&gdpr_consent=ccpa=:0
[   18526ms] [ERROR] Failed to load resource: net::ERR_NAME_NOT_RESOLVED @ https://cs.iqzone.com/6f0476ca45e1d6b67e3ee8d57532a022.gif?redir=https%3A%2F%2Fsync.cootlogix.com%2Fapi%2Fcookie%3FpartnerId%3Diqzone%26gdpr%3D%26gdpr_consent%3D%26us_privacy%3D%26userId%3D%5BUID%5D&gdpr=&gdpr_consent=&ccpa=:0
[   18576ms] [ERROR] Failed to load resource: the server responded with a status of 400 (Bad Request) @ https://us4.shb-sync.com/a760a5a7-e35e-49b8-9f5e-723455346741.gif?puid=3cba453f-139b-3269-b8c8-62cbca9f57e5&gdpr=&gdpr_consent=ccpa=:0
[   18682ms] [ERROR] Failed to load resource: the server responded with a status of 400 (Bad Request) @ https://us4.shb-sync.com/a760a5a7-e35e-49b8-9f5e-723455346741.gif?puid=3cba453f-139b-3269-b8c8-62cbca9f57e5&gdpr=&gdpr_consent=ccpa=:0
[   18683ms] [ERROR] Failed to load resource: net::ERR_NAME_NOT_RESOLVED @ https://cs.iqzone.com/6f0476ca45e1d6b67e3ee8d57532a022.gif?redir=https%3A%2F%2Fsync.cootlogix.com%2Fapi%2Fcookie%3FpartnerId%3Diqzone%26gdpr%3D%26gdpr_consent%3D%26us_privacy%3D%26userId%3D%5BUID%5D&gdpr=&gdpr_consent=&ccpa=:0
[   19430ms] [ERROR] Failed to load resource: net::ERR_NAME_NOT_RESOLVED @ https://cs.iqzone.com/6f0476ca45e1d6b67e3ee8d57532a022.gif?redir=https%3A%2F%2Fsync.cootlogix.com%2Fapi%2Fcookie%3FpartnerId%3Diqzone%26gdpr%3D%26gdpr_consent%3D%26us_privacy%3D%26userId%3D%5BUID%5D&gdpr=&gdpr_consent=&ccpa=:0
[   19536ms] [ERROR] Failed to load resource: the server responded with a status of 400 (Bad Request) @ https://us4.shb-sync.com/a760a5a7-e35e-49b8-9f5e-723455346741.gif?puid=3cba453f-139b-3269-b8c8-62cbca9f57e5&gdpr=&gdpr_consent=ccpa=:0
[   20655ms] [ERROR] Failed to load resource: net::ERR_NAME_NOT_RESOLVED @ https://cs.iqzone.com/6f0476ca45e1d6b67e3ee8d57532a022.gif?redir=https%3A%2F%2Fsync.cootlogix.com%2Fapi%2Fcookie%3FpartnerId%3Diqzone%26gdpr%3D%26gdpr_consent%3D%26us_privacy%3D%26userId%3D%5BUID%5D&gdpr=&gdpr_consent=&ccpa=:0
[   20774ms] [ERROR] Failed to load resource: the server responded with a status of 400 (Bad Request) @ https://us4.shb-sync.com/a760a5a7-e35e-49b8-9f5e-723455346741.gif?puid=3cba453f-139b-3269-b8c8-62cbca9f57e5&gdpr=&gdpr_consent=ccpa=:0
[   20959ms] [ERROR] Failed to load resource: net::ERR_NAME_NOT_RESOLVED @ https://cs.iqzone.com/6f0476ca45e1d6b67e3ee8d57532a022.gif?redir=https%3A%2F%2Fsync.cootlogix.com%2Fapi%2Fcookie%3FpartnerId%3Diqzone%26gdpr%3D%26gdpr_consent%3D%26us_privacy%3D%26userId%3D%5BUID%5D&gdpr=&gdpr_consent=&ccpa=:0
[   21144ms] [ERROR] Failed to load resource: the server responded with a status of 400 (Bad Request) @ https://us4.shb-sync.com/a760a5a7-e35e-49b8-9f5e-723455346741.gif?puid=3cba453f-139b-3269-b8c8-62cbca9f57e5&gdpr=&gdpr_consent=ccpa=:0
[   21183ms] [ERROR] Failed to load resource: net::ERR_NAME_NOT_RESOLVED @ https://cs.iqzone.com/6f0476ca45e1d6b67e3ee8d57532a022.gif?redir=https%3A%2F%2Fsync.cootlogix.com%2Fapi%2Fcookie%3FpartnerId%3Diqzone%26gdpr%3D%26gdpr_consent%3D%26us_privacy%3D%26userId%3D%5BUID%5D&gdpr=&gdpr_consent=&ccpa=:0
[   20865ms] [ERROR] Failed to load resource: net::ERR_HTTP2_SERVER_REFUSED_STREAM @ https://cs.admanmedia.com/e03deca3316b700a1ce99c41e324fd03.gif?puid=ID5-1-301182ec-2857-4923-964a-ab36c2d7df0a&redir=https%3A%2F%2Fsync.inmobi.com%2Fsetuid%3FbidderID%3D149%26dspUserId%3D%5BUID%5D&gdpr=0&gdpr_consent=:0
[   21294ms] [ERROR] Failed to load resource: net::ERR_HTTP2_SERVER_REFUSED_STREAM @ https://cs.admanmedia.com/94fd017f496d404a25fc5546f959bf2f.gif?gdpr=0&gdpr_consent=&us_privacy=&redir=https%3A%2F%2Fsync.kueezrtb.com%2Fapi%2Fcookie%3FpartnerId%3Dkueez-acuity%26gdpr%3D0%26gdpr_consent%3D%26us_privacy%3D%26userId%3D%5BUID%5D:0
[   21297ms] [ERROR] Failed to load resource: the server responded with a status of 400 (Bad Request) @ https://us4.shb-sync.com/a760a5a7-e35e-49b8-9f5e-723455346741.gif?puid=3cba453f-139b-3269-b8c8-62cbca9f57e5&gdpr=&gdpr_consent=ccpa=:0
[   16433ms] [ERROR] Failed to load resource: net::ERR_NAME_NOT_RESOLVED @ https://cs.iqzone.com/6f0476ca45e1d6b67e3ee8d57532a022.gif?redir=https%3A%2F%2Fsync.cootlogix.com%2Fapi%2Fcookie%3FpartnerId%3Diqzone%26gdpr%3D0%26gdpr_consent%3D%5BGDPR_CONSENT%5D%26us_privacy%3D%26userId%3D%5BUID%5D&gdpr=0&gdpr_consent=%5BGDPR_CONSENT%5D&ccpa=:0
[   17326ms] [ERROR] Failed to load resource: net::ERR_NAME_NOT_RESOLVED @ https://cs.iqzone.com/6f0476ca45e1d6b67e3ee8d57532a022.gif?redir=https%3A%2F%2Fsync.cootlogix.com%2Fapi%2Fcookie%3FpartnerId%3Diqzone%26gdpr%3D%26gdpr_consent%3D%26us_privacy%3D%26userId%3D%5BUID%5D&gdpr=&gdpr_consent=&ccpa=:0
[   17477ms] [ERROR] Failed to load resource: net::ERR_NAME_NOT_RESOLVED @ https://cs.iqzone.com/6f0476ca45e1d6b67e3ee8d57532a022.gif?redir=https%3A%2F%2Fsync.cootlogix.com%2Fapi%2Fcookie%3FpartnerId%3Diqzone%26gdpr%3D%26gdpr_consent%3D%26us_privacy%3D%26userId%3D%5BUID%5D&gdpr=&gdpr_consent=&ccpa=:0
[   17824ms] [ERROR] Failed to load resource: the server responded with a status of 400 (Bad Request) @ https://us4.shb-sync.com/a760a5a7-e35e-49b8-9f5e-723455346741.gif?puid=3cba453f-139b-3269-b8c8-62cbca9f57e5&gdpr=&gdpr_consent=ccpa=:0
[   17959ms] [ERROR] Failed to load resource: the server responded with a status of 400 (Bad Request) @ https://us4.shb-sync.com/a760a5a7-e35e-49b8-9f5e-723455346741.gif?puid=3cba453f-139b-3269-b8c8-62cbca9f57e5&gdpr=&gdpr_consent=ccpa=:0
[   18385ms] [ERROR] Failed to load resource: net::ERR_NAME_NOT_RESOLVED @ https://cs.iqzone.com/6f0476ca45e1d6b67e3ee8d57532a022.gif?redir=https%3A%2F%2Fsync.cootlogix.com%2Fapi%2Fcookie%3FpartnerId%3Diqzone%26gdpr%3D%26gdpr_consent%3D%26us_privacy%3D%26userId%3D%5BUID%5D&gdpr=&gdpr_consent=&ccpa=:0
[   18481ms] [ERROR] Failed to load resource: the server responded with a status of 400 (Bad Request) @ https://us4.shb-sync.com/a760a5a7-e35e-49b8-9f5e-723455346741.gif?puid=3cba453f-139b-3269-b8c8-62cbca9f57e5&gdpr=&gdpr_consent=ccpa=:0
[   18526ms] [ERROR] Failed to load resource: net::ERR_NAME_NOT_RESOLVED @ https://cs.iqzone.com/6f0476ca45e1d6b67e3ee8d57532a022.gif?redir=https%3A%2F%2Fsync.cootlogix.com%2Fapi%2Fcookie%3FpartnerId%3Diqzone%26gdpr%3D%26gdpr_consent%3D%26us_privacy%3D%26userId%3D%5BUID%5D&gdpr=&gdpr_consent=&ccpa=:0
[   18576ms] [ERROR] Failed to load resource: the server responded with a status of 400 (Bad Request) @ https://us4.shb-sync.com/a760a5a7-e35e-49b8-9f5e-723455346741.gif?puid=3cba453f-139b-3269-b8c8-62cbca9f57e5&gdpr=&gdpr_consent=ccpa=:0
[   18682ms] [ERROR] Failed to load resource: the server responded with a status of 400 (Bad Request) @ https://us4.shb-sync.com/a760a5a7-e35e-49b8-9f5e-723455346741.gif?puid=3cba453f-139b-3269-b8c8-62cbca9f57e5&gdpr=&gdpr_consent=ccpa=:0
[   18683ms] [ERROR] Failed to load resource: net::ERR_NAME_NOT_RESOLVED @ https://cs.iqzone.com/6f0476ca45e1d6b67e3ee8d57532a022.gif?redir=https%3A%2F%2Fsync.cootlogix.com%2Fapi%2Fcookie%3FpartnerId%3Diqzone%26gdpr%3D%26gdpr_consent%3D%26us_privacy%3D%26userId%3D%5BUID%5D&gdpr=&gdpr_consent=&ccpa=:0
[   19430ms] [ERROR] Failed to load resource: net::ERR_NAME_NOT_RESOLVED @ https://cs.iqzone.com/6f0476ca45e1d6b67e3ee8d57532a022.gif?redir=https%3A%2F%2Fsync.cootlogix.com%2Fapi%2Fcookie%3FpartnerId%3Diqzone%26gdpr%3D%26gdpr_consent%3D%26us_privacy%3D%26userId%3D%5BUID%5D&gdpr=&gdpr_consent=&ccpa=:0
[   19536ms] [ERROR] Failed to load resource: the server responded with a status of 400 (Bad Request) @ https://us4.shb-sync.com/a760a5a7-e35e-49b8-9f5e-723455346741.gif?puid=3cba453f-139b-3269-b8c8-62cbca9f57e5&gdpr=&gdpr_consent=ccpa=:0
[   20655ms] [ERROR] Failed to load resource: net::ERR_NAME_NOT_RESOLVED @ https://cs.iqzone.com/6f0476ca45e1d6b67e3ee8d57532a022.gif?redir=https%3A%2F%2Fsync.cootlogix.com%2Fapi%2Fcookie%3FpartnerId%3Diqzone%26gdpr%3D%26gdpr_consent%3D%26us_privacy%3D%26userId%3D%5BUID%5D&gdpr=&gdpr_consent=&ccpa=:0
[   20774ms] [ERROR] Failed to load resource: the server responded with a status of 400 (Bad Request) @ https://us4.shb-sync.com/a760a5a7-e35e-49b8-9f5e-723455346741.gif?puid=3cba453f-139b-3269-b8c8-62cbca9f57e5&gdpr=&gdpr_consent=ccpa=:0
[   20959ms] [ERROR] Failed to load resource: net::ERR_NAME_NOT_RESOLVED @ https://cs.iqzone.com/6f0476ca45e1d6b67e3ee8d57532a022.gif?redir=https%3A%2F%2Fsync.cootlogix.com%2Fapi%2Fcookie%3FpartnerId%3Diqzone%26gdpr%3D%26gdpr_consent%3D%26us_privacy%3D%26userId%3D%5BUID%5D&gdpr=&gdpr_consent=&ccpa=:0
[   21144ms] [ERROR] Failed to load resource: the server responded with a status of 400 (Bad Request) @ https://us4.shb-sync.com/a760a5a7-e35e-49b8-9f5e-723455346741.gif?puid=3cba453f-139b-3269-b8c8-62cbca9f57e5&gdpr=&gdpr_consent=ccpa=:0
[   21183ms] [ERROR] Failed to load resource: net::ERR_NAME_NOT_RESOLVED @ https://cs.iqzone.com/6f0476ca45e1d6b67e3ee8d57532a022.gif?redir=https%3A%2F%2Fsync.cootlogix.com%2Fapi%2Fcookie%3FpartnerId%3Diqzone%26gdpr%3D%26gdpr_consent%3D%26us_privacy%3D%26userId%3D%5BUID%5D&gdpr=&gdpr_consent=&ccpa=:0
[   21297ms] [ERROR] Failed to load resource: the server responded with a status of 400 (Bad Request) @ https://us4.shb-sync.com/a760a5a7-e35e-49b8-9f5e-723455346741.gif?puid=3cba453f-139b-3269-b8c8-62cbca9f57e5&gdpr=&gdpr_consent=ccpa=:0
[   16433ms] [ERROR] Failed to load resource: net::ERR_NAME_NOT_RESOLVED @ https://cs.iqzone.com/6f0476ca45e1d6b67e3ee8d57532a022.gif?redir=https%3A%2F%2Fsync.cootlogix.com%2Fapi%2Fcookie%3FpartnerId%3Diqzone%26gdpr%3D0%26gdpr_consent%3D%5BGDPR_CONSENT%5D%26us_privacy%3D%26userId%3D%5BUID%5D&gdpr=0&gdpr_consent=%5BGDPR_CONSENT%5D&ccpa=:0
[   17326ms] [ERROR] Failed to load resource: net::ERR_NAME_NOT_RESOLVED @ https://cs.iqzone.com/6f0476ca45e1d6b67e3ee8d57532a022.gif?redir=https%3A%2F%2Fsync.cootlogix.com%2Fapi%2Fcookie%3FpartnerId%3Diqzone%26gdpr%3D%26gdpr_consent%3D%26us_privacy%3D%26userId%3D%5BUID%5D&gdpr=&gdpr_consent=&ccpa=:0
[   17477ms] [ERROR] Failed to load resource: net::ERR_NAME_NOT_RESOLVED @ https://cs.iqzone.com/6f0476ca45e1d6b67e3ee8d57532a022.gif?redir=https%3A%2F%2Fsync.cootlogix.com%2Fapi%2Fcookie%3FpartnerId%3Diqzone%26gdpr%3D%26gdpr_consent%3D%26us_privacy%3D%26userId%3D%5BUID%5D&gdpr=&gdpr_consent=&ccpa=:0
[   17824ms] [ERROR] Failed to load resource: the server responded with a status of 400 (Bad Request) @ https://us4.shb-sync.com/a760a5a7-e35e-49b8-9f5e-723455346741.gif?puid=3cba453f-139b-3269-b8c8-62cbca9f57e5&gdpr=&gdpr_consent=ccpa=:0
[   17959ms] [ERROR] Failed to load resource: the server responded with a status of 400 (Bad Request) @ https://us4.shb-sync.com/a760a5a7-e35e-49b8-9f5e-723455346741.gif?puid=3cba453f-139b-3269-b8c8-62cbca9f57e5&gdpr=&gdpr_consent=ccpa=:0
[   18385ms] [ERROR] Failed to load resource: net::ERR_NAME_NOT_RESOLVED @ https://cs.iqzone.com/6f0476ca45e1d6b67e3ee8d57532a022.gif?redir=https%3A%2F%2Fsync.cootlogix.com%2Fapi%2Fcookie%3FpartnerId%3Diqzone%26gdpr%3D%26gdpr_consent%3D%26us_privacy%3D%26userId%3D%5BUID%5D&gdpr=&gdpr_consent=&ccpa=:0
[   18481ms] [ERROR] Failed to load resource: the server responded with a status of 400 (Bad Request) @ https://us4.shb-sync.com/a760a5a7-e35e-49b8-9f5e-723455346741.gif?puid=3cba453f-139b-3269-b8c8-62cbca9f57e5&gdpr=&gdpr_consent=ccpa=:0
[   18526ms] [ERROR] Failed to load resource: net::ERR_NAME_NOT_RESOLVED @ https://cs.iqzone.com/6f0476ca45e1d6b67e3ee8d57532a022.gif?redir=https%3A%2F%2Fsync.cootlogix.com%2Fapi%2Fcookie%3FpartnerId%3Diqzone%26gdpr%3D%26gdpr_consent%3D%26us_privacy%3D%26userId%3D%5BUID%5D&gdpr=&gdpr_consent=&ccpa=:0
[   18576ms] [ERROR] Failed to load resource: the server responded with a status of 400 (Bad Request) @ https://us4.shb-sync.com/a760a5a7-e35e-49b8-9f5e-723455346741.gif?puid=3cba453f-139b-3269-b8c8-62cbca9f57e5&gdpr=&gdpr_consent=ccpa=:0
[   18682ms] [ERROR] Failed to load resource: the server responded with a status of 400 (Bad Request) @ https://us4.shb-sync.com/a760a5a7-e35e-49b8-9f5e-723455346741.gif?puid=3cba453f-139b-3269-b8c8-62cbca9f57e5&gdpr=&gdpr_consent=ccpa=:0
[   18683ms] [ERROR] Failed to load resource: net::ERR_NAME_NOT_RESOLVED @ https://cs.iqzone.com/6f0476ca45e1d6b67e3ee8d57532a022.gif?redir=https%3A%2F%2Fsync.cootlogix.com%2Fapi%2Fcookie%3FpartnerId%3Diqzone%26gdpr%3D%26gdpr_consent%3D%26us_privacy%3D%26userId%3D%5BUID%5D&gdpr=&gdpr_consent=&ccpa=:0
[   19430ms] [ERROR] Failed to load resource: net::ERR_NAME_NOT_RESOLVED @ https://cs.iqzone.com/6f0476ca45e1d6b67e3ee8d57532a022.gif?redir=https%3A%2F%2Fsync.cootlogix.com%2Fapi%2Fcookie%3FpartnerId%3Diqzone%26gdpr%3D%26gdpr_consent%3D%26us_privacy%3D%26userId%3D%5BUID%5D&gdpr=&gdpr_consent=&ccpa=:0
[   19536ms] [ERROR] Failed to load resource: the server responded with a status of 400 (Bad Request) @ https://us4.shb-sync.com/a760a5a7-e35e-49b8-9f5e-723455346741.gif?puid=3cba453f-139b-3269-b8c8-62cbca9f57e5&gdpr=&gdpr_consent=ccpa=:0
[   20655ms] [ERROR] Failed to load resource: net::ERR_NAME_NOT_RESOLVED @ https://cs.iqzone.com/6f0476ca45e1d6b67e3ee8d57532a022.gif?redir=https%3A%2F%2Fsync.cootlogix.com%2Fapi%2Fcookie%3FpartnerId%3Diqzone%26gdpr%3D%26gdpr_consent%3D%26us_privacy%3D%26userId%3D%5BUID%5D&gdpr=&gdpr_consent=&ccpa=:0
[   20774ms] [ERROR] Failed to load resource: the server responded with a status of 400 (Bad Request) @ https://us4.shb-sync.com/a760a5a7-e35e-49b8-9f5e-723455346741.gif?puid=3cba453f-139b-3269-b8c8-62cbca9f57e5&gdpr=&gdpr_consent=ccpa=:0
[   20959ms] [ERROR] Failed to load resource: net::ERR_NAME_NOT_RESOLVED @ https://cs.iqzone.com/6f0476ca45e1d6b67e3ee8d57532a022.gif?redir=https%3A%2F%2Fsync.cootlogix.com%2Fapi%2Fcookie%3FpartnerId%3Diqzone%26gdpr%3D%26gdpr_consent%3D%26us_privacy%3D%26userId%3D%5BUID%5D&gdpr=&gdpr_consent=&ccpa=:0
[   21144ms] [ERROR] Failed to load resource: the server responded with a status of 400 (Bad Request) @ https://us4.shb-sync.com/a760a5a7-e35e-49b8-9f5e-723455346741.gif?puid=3cba453f-139b-3269-b8c8-62cbca9f57e5&gdpr=&gdpr_consent=ccpa=:0
[   21183ms] [ERROR] Failed to load resource: net::ERR_NAME_NOT_RESOLVED @ https://cs.iqzone.com/6f0476ca45e1d6b67e3ee8d57532a022.gif?redir=https%3A%2F%2Fsync.cootlogix.com%2Fapi%2Fcookie%3FpartnerId%3Diqzone%26gdpr%3D%26gdpr_consent%3D%26us_privacy%3D%26userId%3D%5BUID%5D&gdpr=&gdpr_consent=&ccpa=:0
[   21297ms] [ERROR] Failed to load resource: the server responded with a status of 400 (Bad Request) @ https://us4.shb-sync.com/a760a5a7-e35e-49b8-9f5e-723455346741.gif?puid=3cba453f-139b-3269-b8c8-62cbca9f57e5&gdpr=&gdpr_consent=ccpa=:0
[   21388ms] [ERROR] Failed to load resource: net::ERR_NAME_NOT_RESOLVED @ https://cs.iqzone.com/6f0476ca45e1d6b67e3ee8d57532a022.gif?redir=https%3A%2F%2Fsync.cootlogix.com%2Fapi%2Fcookie%3FpartnerId%3Diqzone%26gdpr%3D%26gdpr_consent%3D%26us_privacy%3D%26userId%3D%5BUID%5D&gdpr=&gdpr_consent=&ccpa=:0
[   21410ms] [ERROR] Failed to load resource: the server responded with a status of 400 (Bad Request) @ https://us4.shb-sync.com/a760a5a7-e35e-49b8-9f5e-723455346741.gif?puid=3cba453f-139b-3269-b8c8-62cbca9f57e5&gdpr=&gdpr_consent=ccpa=:0
[   20865ms] [ERROR] Failed to load resource: net::ERR_HTTP2_SERVER_REFUSED_STREAM @ https://cs.admanmedia.com/e03deca3316b700a1ce99c41e324fd03.gif?puid=ID5-1-301182ec-2857-4923-964a-ab36c2d7df0a&redir=https%3A%2F%2Fsync.inmobi.com%2Fsetuid%3FbidderID%3D149%26dspUserId%3D%5BUID%5D&gdpr=0&gdpr_consent=:0
[   20865ms] [ERROR] Failed to load resource: net::ERR_HTTP2_SERVER_REFUSED_STREAM @ https://cs.admanmedia.com/e03deca3316b700a1ce99c41e324fd03.gif?puid=ID5-1-301182ec-2857-4923-964a-ab36c2d7df0a&redir=https%3A%2F%2Fsync.inmobi.com%2Fsetuid%3FbidderID%3D149%26dspUserId%3D%5BUID%5D&gdpr=0&gdpr_consent=:0
[   16433ms] [ERROR] Failed to load resource: net::ERR_NAME_NOT_RESOLVED @ https://cs.iqzone.com/6f0476ca45e1d6b67e3ee8d57532a022.gif?redir=https%3A%2F%2Fsync.cootlogix.com%2Fapi%2Fcookie%3FpartnerId%3Diqzone%26gdpr%3D0%26gdpr_consent%3D%5BGDPR_CONSENT%5D%26us_privacy%3D%26userId%3D%5BUID%5D&gdpr=0&gdpr_consent=%5BGDPR_CONSENT%5D&ccpa=:0
[   17326ms] [ERROR] Failed to load resource: net::ERR_NAME_NOT_RESOLVED @ https://cs.iqzone.com/6f0476ca45e1d6b67e3ee8d57532a022.gif?redir=https%3A%2F%2Fsync.cootlogix.com%2Fapi%2Fcookie%3FpartnerId%3Diqzone%26gdpr%3D%26gdpr_consent%3D%26us_privacy%3D%26userId%3D%5BUID%5D&gdpr=&gdpr_consent=&ccpa=:0
[   17477ms] [ERROR] Failed to load resource: net::ERR_NAME_NOT_RESOLVED @ https://cs.iqzone.com/6f0476ca45e1d6b67e3ee8d57532a022.gif?redir=https%3A%2F%2Fsync.cootlogix.com%2Fapi%2Fcookie%3FpartnerId%3Diqzone%26gdpr%3D%26gdpr_consent%3D%26us_privacy%3D%26userId%3D%5BUID%5D&gdpr=&gdpr_consent=&ccpa=:0
[   17824ms] [ERROR] Failed to load resource: the server responded with a status of 400 (Bad Request) @ https://us4.shb-sync.com/a760a5a7-e35e-49b8-9f5e-723455346741.gif?puid=3cba453f-139b-3269-b8c8-62cbca9f57e5&gdpr=&gdpr_consent=ccpa=:0
[   17959ms] [ERROR] Failed to load resource: the server responded with a status of 400 (Bad Request) @ https://us4.shb-sync.com/a760a5a7-e35e-49b8-9f5e-723455346741.gif?puid=3cba453f-139b-3269-b8c8-62cbca9f57e5&gdpr=&gdpr_consent=ccpa=:0
[   18385ms] [ERROR] Failed to load resource: net::ERR_NAME_NOT_RESOLVED @ https://cs.iqzone.com/6f0476ca45e1d6b67e3ee8d57532a022.gif?redir=https%3A%2F%2Fsync.cootlogix.com%2Fapi%2Fcookie%3FpartnerId%3Diqzone%26gdpr%3D%26gdpr_consent%3D%26us_privacy%3D%26userId%3D%5BUID%5D&gdpr=&gdpr_consent=&ccpa=:0
[   18481ms] [ERROR] Failed to load resource: the server responded with a status of 400 (Bad Request) @ https://us4.shb-sync.com/a760a5a7-e35e-49b8-9f5e-723455346741.gif?puid=3cba453f-139b-3269-b8c8-62cbca9f57e5&gdpr=&gdpr_consent=ccpa=:0
[   18526ms] [ERROR] Failed to load resource: net::ERR_NAME_NOT_RESOLVED @ https://cs.iqzone.com/6f0476ca45e1d6b67e3ee8d57532a022.gif?redir=https%3A%2F%2Fsync.cootlogix.com%2Fapi%2Fcookie%3FpartnerId%3Diqzone%26gdpr%3D%26gdpr_consent%3D%26us_privacy%3D%26userId%3D%5BUID%5D&gdpr=&gdpr_consent=&ccpa=:0
[   18576ms] [ERROR] Failed to load resource: the server responded with a status of 400 (Bad Request) @ https://us4.shb-sync.com/a760a5a7-e35e-49b8-9f5e-723455346741.gif?puid=3cba453f-139b-3269-b8c8-62cbca9f57e5&gdpr=&gdpr_consent=ccpa=:0
[   18682ms] [ERROR] Failed to load resource: the server responded with a status of 400 (Bad Request) @ https://us4.shb-sync.com/a760a5a7-e35e-49b8-9f5e-723455346741.gif?puid=3cba453f-139b-3269-b8c8-62cbca9f57e5&gdpr=&gdpr_consent=ccpa=:0
[   18683ms] [ERROR] Failed to load resource: net::ERR_NAME_NOT_RESOLVED @ https://cs.iqzone.com/6f0476ca45e1d6b67e3ee8d57532a022.gif?redir=https%3A%2F%2Fsync.cootlogix.com%2Fapi%2Fcookie%3FpartnerId%3Diqzone%26gdpr%3D%26gdpr_consent%3D%26us_privacy%3D%26userId%3D%5BUID%5D&gdpr=&gdpr_consent=&ccpa=:0
[   19430ms] [ERROR] Failed to load resource: net::ERR_NAME_NOT_RESOLVED @ https://cs.iqzone.com/6f0476ca45e1d6b67e3ee8d57532a022.gif?redir=https%3A%2F%2Fsync.cootlogix.com%2Fapi%2Fcookie%3FpartnerId%3Diqzone%26gdpr%3D%26gdpr_consent%3D%26us_privacy%3D%26userId%3D%5BUID%5D&gdpr=&gdpr_consent=&ccpa=:0
[   19536ms] [ERROR] Failed to load resource: the server responded with a status of 400 (Bad Request) @ https://us4.shb-sync.com/a760a5a7-e35e-49b8-9f5e-723455346741.gif?puid=3cba453f-139b-3269-b8c8-62cbca9f57e5&gdpr=&gdpr_consent=ccpa=:0
[   20655ms] [ERROR] Failed to load resource: net::ERR_NAME_NOT_RESOLVED @ https://cs.iqzone.com/6f0476ca45e1d6b67e3ee8d57532a022.gif?redir=https%3A%2F%2Fsync.cootlogix.com%2Fapi%2Fcookie%3FpartnerId%3Diqzone%26gdpr%3D%26gdpr_consent%3D%26us_privacy%3D%26userId%3D%5BUID%5D&gdpr=&gdpr_consent=&ccpa=:0
[   20774ms] [ERROR] Failed to load resource: the server responded with a status of 400 (Bad Request) @ https://us4.shb-sync.com/a760a5a7-e35e-49b8-9f5e-723455346741.gif?puid=3cba453f-139b-3269-b8c8-62cbca9f57e5&gdpr=&gdpr_consent=ccpa=:0
[   20959ms] [ERROR] Failed to load resource: net::ERR_NAME_NOT_RESOLVED @ https://cs.iqzone.com/6f0476ca45e1d6b67e3ee8d57532a022.gif?redir=https%3A%2F%2Fsync.cootlogix.com%2Fapi%2Fcookie%3FpartnerId%3Diqzone%26gdpr%3D%26gdpr_consent%3D%26us_privacy%3D%26userId%3D%5BUID%5D&gdpr=&gdpr_consent=&ccpa=:0
[   21144ms] [ERROR] Failed to load resource: the server responded with a status of 400 (Bad Request) @ https://us4.shb-sync.com/a760a5a7-e35e-49b8-9f5e-723455346741.gif?puid=3cba453f-139b-3269-b8c8-62cbca9f57e5&gdpr=&gdpr_consent=ccpa=:0
[   21183ms] [ERROR] Failed to load resource: net::ERR_NAME_NOT_RESOLVED @ https://cs.iqzone.com/6f0476ca45e1d6b67e3ee8d57532a022.gif?redir=https%3A%2F%2Fsync.cootlogix.com%2Fapi%2Fcookie%3FpartnerId%3Diqzone%26gdpr%3D%26gdpr_consent%3D%26us_privacy%3D%26userId%3D%5BUID%5D&gdpr=&gdpr_consent=&ccpa=:0
[   21297ms] [ERROR] Failed to load resource: the server responded with a status of 400 (Bad Request) @ https://us4.shb-sync.com/a760a5a7-e35e-49b8-9f5e-723455346741.gif?puid=3cba453f-139b-3269-b8c8-62cbca9f57e5&gdpr=&gdpr_consent=ccpa=:0
[   21388ms] [ERROR] Failed to load resource: net::ERR_NAME_NOT_RESOLVED @ https://cs.iqzone.com/6f0476ca45e1d6b67e3ee8d57532a022.gif?redir=https%3A%2F%2Fsync.cootlogix.com%2Fapi%2Fcookie%3FpartnerId%3Diqzone%26gdpr%3D%26gdpr_consent%3D%26us_privacy%3D%26userId%3D%5BUID%5D&gdpr=&gdpr_consent=&ccpa=:0
[   21410ms] [ERROR] Failed to load resource: the server responded with a status of 400 (Bad Request) @ https://us4.shb-sync.com/a760a5a7-e35e-49b8-9f5e-723455346741.gif?puid=3cba453f-139b-3269-b8c8-62cbca9f57e5&gdpr=&gdpr_consent=ccpa=:0
[   16433ms] [ERROR] Failed to load resource: net::ERR_NAME_NOT_RESOLVED @ https://cs.iqzone.com/6f0476ca45e1d6b67e3ee8d57532a022.gif?redir=https%3A%2F%2Fsync.cootlogix.com%2Fapi%2Fcookie%3FpartnerId%3Diqzone%26gdpr%3D0%26gdpr_consent%3D%5BGDPR_CONSENT%5D%26us_privacy%3D%26userId%3D%5BUID%5D&gdpr=0&gdpr_consent=%5BGDPR_CONSENT%5D&ccpa=:0
[   17326ms] [ERROR] Failed to load resource: net::ERR_NAME_NOT_RESOLVED @ https://cs.iqzone.com/6f0476ca45e1d6b67e3ee8d57532a022.gif?redir=https%3A%2F%2Fsync.cootlogix.com%2Fapi%2Fcookie%3FpartnerId%3Diqzone%26gdpr%3D%26gdpr_consent%3D%26us_privacy%3D%26userId%3D%5BUID%5D&gdpr=&gdpr_consent=&ccpa=:0
[   17477ms] [ERROR] Failed to load resource: net::ERR_NAME_NOT_RESOLVED @ https://cs.iqzone.com/6f0476ca45e1d6b67e3ee8d57532a022.gif?redir=https%3A%2F%2Fsync.cootlogix.com%2Fapi%2Fcookie%3FpartnerId%3Diqzone%26gdpr%3D%26gdpr_consent%3D%26us_privacy%3D%26userId%3D%5BUID%5D&gdpr=&gdpr_consent=&ccpa=:0
[   17824ms] [ERROR] Failed to load resource: the server responded with a status of 400 (Bad Request) @ https://us4.shb-sync.com/a760a5a7-e35e-49b8-9f5e-723455346741.gif?puid=3cba453f-139b-3269-b8c8-62cbca9f57e5&gdpr=&gdpr_consent=ccpa=:0
[   17959ms] [ERROR] Failed to load resource: the server responded with a status of 400 (Bad Request) @ https://us4.shb-sync.com/a760a5a7-e35e-49b8-9f5e-723455346741.gif?puid=3cba453f-139b-3269-b8c8-62cbca9f57e5&gdpr=&gdpr_consent=ccpa=:0
[   18385ms] [ERROR] Failed to load resource: net::ERR_NAME_NOT_RESOLVED @ https://cs.iqzone.com/6f0476ca45e1d6b67e3ee8d57532a022.gif?redir=https%3A%2F%2Fsync.cootlogix.com%2Fapi%2Fcookie%3FpartnerId%3Diqzone%26gdpr%3D%26gdpr_consent%3D%26us_privacy%3D%26userId%3D%5BUID%5D&gdpr=&gdpr_consent=&ccpa=:0
[   18481ms] [ERROR] Failed to load resource: the server responded with a status of 400 (Bad Request) @ https://us4.shb-sync.com/a760a5a7-e35e-49b8-9f5e-723455346741.gif?puid=3cba453f-139b-3269-b8c8-62cbca9f57e5&gdpr=&gdpr_consent=ccpa=:0
[   18526ms] [ERROR] Failed to load resource: net::ERR_NAME_NOT_RESOLVED @ https://cs.iqzone.com/6f0476ca45e1d6b67e3ee8d57532a022.gif?redir=https%3A%2F%2Fsync.cootlogix.com%2Fapi%2Fcookie%3FpartnerId%3Diqzone%26gdpr%3D%26gdpr_consent%3D%26us_privacy%3D%26userId%3D%5BUID%5D&gdpr=&gdpr_consent=&ccpa=:0
[   18576ms] [ERROR] Failed to load resource: the server responded with a status of 400 (Bad Request) @ https://us4.shb-sync.com/a760a5a7-e35e-49b8-9f5e-723455346741.gif?puid=3cba453f-139b-3269-b8c8-62cbca9f57e5&gdpr=&gdpr_consent=ccpa=:0
[   18682ms] [ERROR] Failed to load resource: the server responded with a status of 400 (Bad Request) @ https://us4.shb-sync.com/a760a5a7-e35e-49b8-9f5e-723455346741.gif?puid=3cba453f-139b-3269-b8c8-62cbca9f57e5&gdpr=&gdpr_consent=ccpa=:0
[   18683ms] [ERROR] Failed to load resource: net::ERR_NAME_NOT_RESOLVED @ https://cs.iqzone.com/6f0476ca45e1d6b67e3ee8d57532a022.gif?redir=https%3A%2F%2Fsync.cootlogix.com%2Fapi%2Fcookie%3FpartnerId%3Diqzone%26gdpr%3D%26gdpr_consent%3D%26us_privacy%3D%26userId%3D%5BUID%5D&gdpr=&gdpr_consent=&ccpa=:0
[   19430ms] [ERROR] Failed to load resource: net::ERR_NAME_NOT_RESOLVED @ https://cs.iqzone.com/6f0476ca45e1d6b67e3ee8d57532a022.gif?redir=https%3A%2F%2Fsync.cootlogix.com%2Fapi%2Fcookie%3FpartnerId%3Diqzone%26gdpr%3D%26gdpr_consent%3D%26us_privacy%3D%26userId%3D%5BUID%5D&gdpr=&gdpr_consent=&ccpa=:0
[   19536ms] [ERROR] Failed to load resource: the server responded with a status of 400 (Bad Request) @ https://us4.shb-sync.com/a760a5a7-e35e-49b8-9f5e-723455346741.gif?puid=3cba453f-139b-3269-b8c8-62cbca9f57e5&gdpr=&gdpr_consent=ccpa=:0
[   20655ms] [ERROR] Failed to load resource: net::ERR_NAME_NOT_RESOLVED @ https://cs.iqzone.com/6f0476ca45e1d6b67e3ee8d57532a022.gif?redir=https%3A%2F%2Fsync.cootlogix.com%2Fapi%2Fcookie%3FpartnerId%3Diqzone%26gdpr%3D%26gdpr_consent%3D%26us_privacy%3D%26userId%3D%5BUID%5D&gdpr=&gdpr_consent=&ccpa=:0
[   20774ms] [ERROR] Failed to load resource: the server responded with a status of 400 (Bad Request) @ https://us4.shb-sync.com/a760a5a7-e35e-49b8-9f5e-723455346741.gif?puid=3cba453f-139b-3269-b8c8-62cbca9f57e5&gdpr=&gdpr_consent=ccpa=:0
[   20959ms] [ERROR] Failed to load resource: net::ERR_NAME_NOT_RESOLVED @ https://cs.iqzone.com/6f0476ca45e1d6b67e3ee8d57532a022.gif?redir=https%3A%2F%2Fsync.cootlogix.com%2Fapi%2Fcookie%3FpartnerId%3Diqzone%26gdpr%3D%26gdpr_consent%3D%26us_privacy%3D%26userId%3D%5BUID%5D&gdpr=&gdpr_consent=&ccpa=:0
[   21144ms] [ERROR] Failed to load resource: the server responded with a status of 400 (Bad Request) @ https://us4.shb-sync.com/a760a5a7-e35e-49b8-9f5e-723455346741.gif?puid=3cba453f-139b-3269-b8c8-62cbca9f57e5&gdpr=&gdpr_consent=ccpa=:0
[   21183ms] [ERROR] Failed to load resource: net::ERR_NAME_NOT_RESOLVED @ https://cs.iqzone.com/6f0476ca45e1d6b67e3ee8d57532a022.gif?redir=https%3A%2F%2Fsync.cootlogix.com%2Fapi%2Fcookie%3FpartnerId%3Diqzone%26gdpr%3D%26gdpr_consent%3D%26us_privacy%3D%26userId%3D%5BUID%5D&gdpr=&gdpr_consent=&ccpa=:0
[   21297ms] [ERROR] Failed to load resource: the server responded with a status of 400 (Bad Request) @ https://us4.shb-sync.com/a760a5a7-e35e-49b8-9f5e-723455346741.gif?puid=3cba453f-139b-3269-b8c8-62cbca9f57e5&gdpr=&gdpr_consent=ccpa=:0
[   21388ms] [ERROR] Failed to load resource: net::ERR_NAME_NOT_RESOLVED @ https://cs.iqzone.com/6f0476ca45e1d6b67e3ee8d57532a022.gif?redir=https%3A%2F%2Fsync.cootlogix.com%2Fapi%2Fcookie%3FpartnerId%3Diqzone%26gdpr%3D%26gdpr_consent%3D%26us_privacy%3D%26userId%3D%5BUID%5D&gdpr=&gdpr_consent=&ccpa=:0
[   21410ms] [ERROR] Failed to load resource: the server responded with a status of 400 (Bad Request) @ https://us4.shb-sync.com/a760a5a7-e35e-49b8-9f5e-723455346741.gif?puid=3cba453f-139b-3269-b8c8-62cbca9f57e5&gdpr=&gdpr_consent=ccpa=:0
[   21631ms] [ERROR] Failed to load resource: net::ERR_CONNECTION_RESET @ https://sync.colossusssp.com/pbs.gif?&redir=https%3A%2F%2Fsync.adkernel.com%2Fuser-sync%3Fzone%3D263117%26dsp%3D1061476%26t%3Dimage%26uid%3D%5BUID%5D:0
[   16433ms] [ERROR] Failed to load resource: net::ERR_NAME_NOT_RESOLVED @ https://cs.iqzone.com/6f0476ca45e1d6b67e3ee8d57532a022.gif?redir=https%3A%2F%2Fsync.cootlogix.com%2Fapi%2Fcookie%3FpartnerId%3Diqzone%26gdpr%3D0%26gdpr_consent%3D%5BGDPR_CONSENT%5D%26us_privacy%3D%26userId%3D%5BUID%5D&gdpr=0&gdpr_consent=%5BGDPR_CONSENT%5D&ccpa=:0
[   17326ms] [ERROR] Failed to load resource: net::ERR_NAME_NOT_RESOLVED @ https://cs.iqzone.com/6f0476ca45e1d6b67e3ee8d57532a022.gif?redir=https%3A%2F%2Fsync.cootlogix.com%2Fapi%2Fcookie%3FpartnerId%3Diqzone%26gdpr%3D%26gdpr_consent%3D%26us_privacy%3D%26userId%3D%5BUID%5D&gdpr=&gdpr_consent=&ccpa=:0
[   17477ms] [ERROR] Failed to load resource: net::ERR_NAME_NOT_RESOLVED @ https://cs.iqzone.com/6f0476ca45e1d6b67e3ee8d57532a022.gif?redir=https%3A%2F%2Fsync.cootlogix.com%2Fapi%2Fcookie%3FpartnerId%3Diqzone%26gdpr%3D%26gdpr_consent%3D%26us_privacy%3D%26userId%3D%5BUID%5D&gdpr=&gdpr_consent=&ccpa=:0
[   17824ms] [ERROR] Failed to load resource: the server responded with a status of 400 (Bad Request) @ https://us4.shb-sync.com/a760a5a7-e35e-49b8-9f5e-723455346741.gif?puid=3cba453f-139b-3269-b8c8-62cbca9f57e5&gdpr=&gdpr_consent=ccpa=:0
[   17959ms] [ERROR] Failed to load resource: the server responded with a status of 400 (Bad Request) @ https://us4.shb-sync.com/a760a5a7-e35e-49b8-9f5e-723455346741.gif?puid=3cba453f-139b-3269-b8c8-62cbca9f57e5&gdpr=&gdpr_consent=ccpa=:0
[   18385ms] [ERROR] Failed to load resource: net::ERR_NAME_NOT_RESOLVED @ https://cs.iqzone.com/6f0476ca45e1d6b67e3ee8d57532a022.gif?redir=https%3A%2F%2Fsync.cootlogix.com%2Fapi%2Fcookie%3FpartnerId%3Diqzone%26gdpr%3D%26gdpr_consent%3D%26us_privacy%3D%26userId%3D%5BUID%5D&gdpr=&gdpr_consent=&ccpa=:0
[   18481ms] [ERROR] Failed to load resource: the server responded with a status of 400 (Bad Request) @ https://us4.shb-sync.com/a760a5a7-e35e-49b8-9f5e-723455346741.gif?puid=3cba453f-139b-3269-b8c8-62cbca9f57e5&gdpr=&gdpr_consent=ccpa=:0
[   18526ms] [ERROR] Failed to load resource: net::ERR_NAME_NOT_RESOLVED @ https://cs.iqzone.com/6f0476ca45e1d6b67e3ee8d57532a022.gif?redir=https%3A%2F%2Fsync.cootlogix.com%2Fapi%2Fcookie%3FpartnerId%3Diqzone%26gdpr%3D%26gdpr_consent%3D%26us_privacy%3D%26userId%3D%5BUID%5D&gdpr=&gdpr_consent=&ccpa=:0
[   18576ms] [ERROR] Failed to load resource: the server responded with a status of 400 (Bad Request) @ https://us4.shb-sync.com/a760a5a7-e35e-49b8-9f5e-723455346741.gif?puid=3cba453f-139b-3269-b8c8-62cbca9f57e5&gdpr=&gdpr_consent=ccpa=:0
[   18682ms] [ERROR] Failed to load resource: the server responded with a status of 400 (Bad Request) @ https://us4.shb-sync.com/a760a5a7-e35e-49b8-9f5e-723455346741.gif?puid=3cba453f-139b-3269-b8c8-62cbca9f57e5&gdpr=&gdpr_consent=ccpa=:0
[   18683ms] [ERROR] Failed to load resource: net::ERR_NAME_NOT_RESOLVED @ https://cs.iqzone.com/6f0476ca45e1d6b67e3ee8d57532a022.gif?redir=https%3A%2F%2Fsync.cootlogix.com%2Fapi%2Fcookie%3FpartnerId%3Diqzone%26gdpr%3D%26gdpr_consent%3D%26us_privacy%3D%26userId%3D%5BUID%5D&gdpr=&gdpr_consent=&ccpa=:0
[   19430ms] [ERROR] Failed to load resource: net::ERR_NAME_NOT_RESOLVED @ https://cs.iqzone.com/6f0476ca45e1d6b67e3ee8d57532a022.gif?redir=https%3A%2F%2Fsync.cootlogix.com%2Fapi%2Fcookie%3FpartnerId%3Diqzone%26gdpr%3D%26gdpr_consent%3D%26us_privacy%3D%26userId%3D%5BUID%5D&gdpr=&gdpr_consent=&ccpa=:0
[   19536ms] [ERROR] Failed to load resource: the server responded with a status of 400 (Bad Request) @ https://us4.shb-sync.com/a760a5a7-e35e-49b8-9f5e-723455346741.gif?puid=3cba453f-139b-3269-b8c8-62cbca9f57e5&gdpr=&gdpr_consent=ccpa=:0
[   20655ms] [ERROR] Failed to load resource: net::ERR_NAME_NOT_RESOLVED @ https://cs.iqzone.com/6f0476ca45e1d6b67e3ee8d57532a022.gif?redir=https%3A%2F%2Fsync.cootlogix.com%2Fapi%2Fcookie%3FpartnerId%3Diqzone%26gdpr%3D%26gdpr_consent%3D%26us_privacy%3D%26userId%3D%5BUID%5D&gdpr=&gdpr_consent=&ccpa=:0
[   20774ms] [ERROR] Failed to load resource: the server responded with a status of 400 (Bad Request) @ https://us4.shb-sync.com/a760a5a7-e35e-49b8-9f5e-723455346741.gif?puid=3cba453f-139b-3269-b8c8-62cbca9f57e5&gdpr=&gdpr_consent=ccpa=:0
[   20959ms] [ERROR] Failed to load resource: net::ERR_NAME_NOT_RESOLVED @ https://cs.iqzone.com/6f0476ca45e1d6b67e3ee8d57532a022.gif?redir=https%3A%2F%2Fsync.cootlogix.com%2Fapi%2Fcookie%3FpartnerId%3Diqzone%26gdpr%3D%26gdpr_consent%3D%26us_privacy%3D%26userId%3D%5BUID%5D&gdpr=&gdpr_consent=&ccpa=:0
[   21144ms] [ERROR] Failed to load resource: the server responded with a status of 400 (Bad Request) @ https://us4.shb-sync.com/a760a5a7-e35e-49b8-9f5e-723455346741.gif?puid=3cba453f-139b-3269-b8c8-62cbca9f57e5&gdpr=&gdpr_consent=ccpa=:0
[   21183ms] [ERROR] Failed to load resource: net::ERR_NAME_NOT_RESOLVED @ https://cs.iqzone.com/6f0476ca45e1d6b67e3ee8d57532a022.gif?redir=https%3A%2F%2Fsync.cootlogix.com%2Fapi%2Fcookie%3FpartnerId%3Diqzone%26gdpr%3D%26gdpr_consent%3D%26us_privacy%3D%26userId%3D%5BUID%5D&gdpr=&gdpr_consent=&ccpa=:0
[   21297ms] [ERROR] Failed to load resource: the server responded with a status of 400 (Bad Request) @ https://us4.shb-sync.com/a760a5a7-e35e-49b8-9f5e-723455346741.gif?puid=3cba453f-139b-3269-b8c8-62cbca9f57e5&gdpr=&gdpr_consent=ccpa=:0
[   21388ms] [ERROR] Failed to load resource: net::ERR_NAME_NOT_RESOLVED @ https://cs.iqzone.com/6f0476ca45e1d6b67e3ee8d57532a022.gif?redir=https%3A%2F%2Fsync.cootlogix.com%2Fapi%2Fcookie%3FpartnerId%3Diqzone%26gdpr%3D%26gdpr_consent%3D%26us_privacy%3D%26userId%3D%5BUID%5D&gdpr=&gdpr_consent=&ccpa=:0
[   21410ms] [ERROR] Failed to load resource: the server responded with a status of 400 (Bad Request) @ https://us4.shb-sync.com/a760a5a7-e35e-49b8-9f5e-723455346741.gif?puid=3cba453f-139b-3269-b8c8-62cbca9f57e5&gdpr=&gdpr_consent=ccpa=:0
[   21920ms] [ERROR] Failed to load resource: the server responded with a status of 404 () @ https://cs.admanmedia.com/94fd017f496d404a25fc5546f959bf2f.gif?gdpr=0&gdpr_consent=&us_privacy=&redir=https%3A%2F%2Fsync.kueezrtb.com%2Fapi%2Fcookie%3FpartnerId%3Dkueez-acuity%26gdpr%3D0%26gdpr_consent%3D%26us_privacy%3D%26userId%3D%5BUID%5D:0
[   22249ms] [ERROR] Failed to load resource: net::ERR_HTTP2_SERVER_REFUSED_STREAM @ https://cs.admanmedia.com/e03deca3316b700a1ce99c41e324fd03.gif?puid=ID5-1-301182ec-2857-4923-964a-ab36c2d7df0a&redir=https%3A%2F%2Fsync.inmobi.com%2Fsetuid%3FbidderID%3D149%26dspUserId%3D%5BUID%5D&gdpr=0&gdpr_consent=:0
[   22344ms] [ERROR] Failed to load resource: net::ERR_SOCKET_NOT_CONNECTED @ https://tracker.rtb-oveeo.com/sync?id=187&uid=85fd7b7b-3525-4faf-984d-2403067cb906:0
[   22677ms] [ERROR] Failed to load resource: the server responded with a status of 404 () @ https://cs.admanmedia.com/94fd017f496d404a25fc5546f959bf2f.gif?gdpr=0&gdpr_consent=&us_privacy=&redir=https%3A%2F%2Fsync.kueezrtb.com%2Fapi%2Fcookie%3FpartnerId%3Dkueez-acuity%26gdpr%3D0%26gdpr_consent%3D%26us_privacy%3D%26userId%3D%5BUID%5D:0
[   22974ms] [ERROR] Failed to load resource: the server responded with a status of 404 () @ https://cs.admanmedia.com/94fd017f496d404a25fc5546f959bf2f.gif?gdpr=0&gdpr_consent=&us_privacy=&redir=https%3A%2F%2Fsync.kueezrtb.com%2Fapi%2Fcookie%3FpartnerId%3Dkueez-acuity%26gdpr%3D0%26gdpr_consent%3D%26us_privacy%3D%26userId%3D%5BUID%5D:0
[   23196ms] [ERROR] Failed to load resource: net::ERR_CONNECTION_RESET @ https://sync.colossusssp.com/vdz.gif?puid=3cba453f-139b-3269-b8c8-62cbca9f57e5&redir=https%3A%2F%2Fsync.cootlogix.com%2Fapi%2Fcookie%3FpartnerId%3Dcolossus%26gdpr%3D0%26gdpr_consent%3D%5BGDPR_CONSENT%5D%26us_privacy%3D%26userId%3D%5BUID%5D:0
[   27726ms] [LOG] Response @ https://jsonformatter.org/dist/4.2/js/jsontools-min.js:52
[   27918ms] [ERROR] Access to fetch at 'https://edge.cdn-vitals.com/px' from origin 'https://jsonformatter.org' has been blocked by CORS policy: No 'Access-Control-Allow-Origin' header is present on the requested resource. @ https://jsonformatter.org/:0
[   27918ms] [ERROR] Failed to load resource: net::ERR_FAILED @ https://edge.cdn-vitals.com/px:0
[   28204ms] Uncaught (in promise) NotSupportedError: Failed to execute 'browsingTopics' on 'Document': document.browsingTopics() is deprecated and has been removed.
    at <anonymous> (https://a.pub.network/jsonformatter-org/prebid.js:70:937)
    at 1285 (https://a.pub.network/jsonformatter-org/prebid.js:70:1044)
    at r (https://a.pub.network/jsonformatter-org/prebid.js:10:4756)
    at <anonymous> (https://a.pub.network/jsonformatter-org/prebid.js:70:3146)
    at r.O (https://a.pub.network/jsonformatter-org/prebid.js:10:5112)
    at <anonymous> (https://a.pub.network/jsonformatter-org/prebid.js:70:3165)
    at e (https://a.pub.network/jsonformatter-org/prebid.js:10:5872)
    at <anonymous> (https://a.pub.network/jsonformatter-org/prebid.js:70:44)
    at <anonymous> (https://a.pub.network/jsonformatter-org/prebid.js:77:2)
[   28611ms] [LOG] Messaging without detection successfully executed. @ https://cdn.privacy-mgmt.com/unified/wrapperMessagingWithoutDetection.js:0
[   28621ms] [LOG] interaction complete @ https://cdn.privacy-mgmt.com/unified/wrapperMessagingWithoutDetection.js:0
[   29686ms] [WARNING] An iframe which has both allow-scripts and allow-same-origin for its sandbox attribute can escape its sandboxing. @ https://scripts.mf.webcontentassessor.com/scripts/b16dc745cc9b8e4a07b28efe47ab1457979fe7086f074ee6a40190d35c887735:0
[   29780ms] [LOG] Error: NotSupportedError: Failed to execute 'browsingTopics' on 'Document': document.browsingTopics() is deprecated and has been removed.
    at getTopics (https://ads.pubmatic.com/AdServer/js/topics/topics_frame.html?bidder=pubmatic:19:41)
    at https://ads.pubmatic.com/AdServer/js/topics/topics_frame.html?bidder=pubmatic:37:28
    at https://ads.pubmatic.com/AdServer/js/topics/topics_frame.html?bidder=pubmatic:49:7 @ https://ads.pubmatic.com/AdServer/js/topics/topics_frame.html?bidder=pubmatic:31
[   29781ms] [LOG] Error: NotSupportedError: Failed to execute 'browsingTopics' on 'Document': document.browsingTopics() is deprecated and has been removed.
    at getTopics (https://pa.openx.net/topics_frame.html?bidder=openx:15:39)
    at https://pa.openx.net/topics_frame.html?bidder=openx:33:26
    at https://pa.openx.net/topics_frame.html?bidder=openx:43:5 @ https://pa.openx.net/topics_frame.html?bidder=openx:27
[   30258ms] [WARNING] fun-hooks: referenced 'registerAdserver' but it was never created @ https://live.primis.tech/content/prebid/prebidVid.10.23.27.min.js:10
[   30260ms] [ERROR] Failed to load resource: the server responded with a status of 403 () @ https://usync.ingage.tech/?gdpr=0&gdpr_consent=&us_privacy=1YNN&redirect=https%3A%2F%2Fpbs.fsrv.io%2F%2Fsetuid%3Fbidder%3Dinsticator%26gdpr%3D0%26gdpr_consent%3D%26us_privacy%3D1YNN%26gpp%3DDBABBg%7EBUoAAACA.QA%26gpp_sid%3D8%26f%3Db%26uid%3D%24UID:0
[   30311ms] [WARNING] [GPT] Slot.getTargeting is deprecated, use Slot.getConfig('targeting') instead.
https://goo.gle/gpt-message#201 @ https://securepubads.g.doubleclick.net/pagead/managed/js/gpt/m202609030101/pubads_impl.js?cb=122880881:18
[   30260ms] [ERROR] Failed to load resource: the server responded with a status of 403 () @ https://usync.ingage.tech/?gdpr=0&gdpr_consent=&us_privacy=1YNN&redirect=https%3A%2F%2Fpbs.fsrv.io%2F%2Fsetuid%3Fbidder%3Dinsticator%26gdpr%3D0%26gdpr_consent%3D%26us_privacy%3D1YNN%26gpp%3DDBABBg%7EBUoAAACA.QA%26gpp_sid%3D8%26f%3Db%26uid%3D%24UID:0
[   30958ms] [LOG] Recent pixels found, Skipping... @ https://usync.ingage.tech/?gdpr=0&gdpr_consent=&us_privacy=1YNN&redirect=https%3A%2F%2Fs2s.t13.io%2Fsetuid%3Fbidder%3Dinsticator%26gdpr%3D0%26gdpr_consent%3D%26us_privacy%3D1YNN%26gpp%3DDBABBg%7EBUoAAACA.QA%26gpp_sid%3D8%26f%3Db%26uid%3D%24UID:0
[   31089ms] [ERROR] Failed to load resource: the server responded with a status of 405 () @ https://rtb.nexverse.ai/?usync=1&redir=https%3A%2F%2Flive.primis.tech%2Flive%2FliveCS.php%3Fsource%3Dexternal%26advId%3D179%26advUuid%3D%24%7BUSER_ID%7D:0
[   30260ms] [ERROR] Failed to load resource: the server responded with a status of 403 () @ https://usync.ingage.tech/?gdpr=0&gdpr_consent=&us_privacy=1YNN&redirect=https%3A%2F%2Fpbs.fsrv.io%2F%2Fsetuid%3Fbidder%3Dinsticator%26gdpr%3D0%26gdpr_consent%3D%26us_privacy%3D1YNN%26gpp%3DDBABBg%7EBUoAAACA.QA%26gpp_sid%3D8%26f%3Db%26uid%3D%24UID:0
[   31601ms] [LOG] Recent pixels found, Skipping... @ https://usync.ingage.tech/?gdpr=&gdpr_consent=&us_privacy=&redirect=https%3A%2F%2Fcookies.nextmillmedia.com%2Fsetuid%3Fbidder%3Dinsticator%26nmuid%3D731ec583-bcf0-4ffb-a9f4-9d3c9ad42576%26gdpr%3D%26gdpr_consent%3D%26us_privacy%3D%26uid%3D%24UID:0
[   31800ms] [ERROR] Failed to load resource: the server responded with a status of 404 () @ https://cs.admanmedia.com/292deb7c3c2bf25073c04bb900f3a44a.gif??gdpr=&gdpr_consent=&us_privacy=&redir=https%3A%2F%2Fcookies.nextmillmedia.com%2Fsetuid%3Fbidder%3Dadmanmedia%26nmuid%3D731ec583-bcf0-4ffb-a9f4-9d3c9ad42576%26gdpr%3D%26gdpr_consent%3D%26us_privacy%3D%26uid%3D%5BUID%5D:0
[   31808ms] [ERROR] Failed to load resource: the server responded with a status of 429 () @ https://ortb.vdo.ai/sync-iframe?sp=NextMillennium-Web-Video&uid={UID}&redir=https%3A%2F%2Fcookies.nextmillmedia.com%2Fsetuid%3Fbidder%3Dvdo_video%26nmuid%3D731ec583-bcf0-4ffb-a9f4-9d3c9ad42576%26gdpr%3D%26gdpr_consent%3D%26us_privacy%3D%26uid%3D%7Bvdo_uid%7D:0
[   31808ms] [ERROR] Failed to load resource: the server responded with a status of 429 () @ https://ortb.vdo.ai/sync-iframe?sp=NextMillennium-Web-Video&uid={UID}&redir=https%3A%2F%2Fcookies.nextmillmedia.com%2Fsetuid%3Fbidder%3Dvdo_video%26nmuid%3D731ec583-bcf0-4ffb-a9f4-9d3c9ad42576%26gdpr%3D%26gdpr_consent%3D%26us_privacy%3D%26uid%3D%7Bvdo_uid%7D:0
[   31810ms] [ERROR] Failed to load resource: the server responded with a status of 429 () @ https://ortb.vdo.ai/sync-iframe?sp=NextMillennium-Web-Display&uid={UID}&redir=https%3A%2F%2Fcookies.nextmillmedia.com%2Fsetuid%3Fbidder%3Dvdo_display%26nmuid%3D731ec583-bcf0-4ffb-a9f4-9d3c9ad42576%26gdpr%3D%26gdpr_consent%3D%26us_privacy%3D%26uid%3D%7Bvdo_uid%7D:0
[   32014ms] [WARNING] Mixed Content: The page at 'https://ssum-sec.casalemedia.com/usermatch?s=184674&gdpr=0&gdpr_consent=&us_privacy=1YNN&gpp=DBABBg%7EBUoAAACA.QA&gpp_sid=8&cb=https%3A%2F%2Fpbs.fsrv.io%2F%2Fsetuid%3Fbidder%3Dix%26gdpr%3D0%26gdpr_consent%3D%26us_privacy%3D1YNN%26gpp%3DDBABBg%7EBUoAAACA.QA%26gpp_sid%3D8%26f%3Db%26uid%3D' was loaded over HTTPS, but requested an insecure element 'http://rtb2-useast.delivrdsp.ai/sync?exchange=1378&r=https%3A%2F%2Fdsum-sec.casalemedia.com%2Fcrum%3Fcm_dsp_id%3D282%26external_user_id%3D%7BUID%7D&us_privacy=1YNN'. This request was automatically upgraded to HTTPS, For more information see https://blog.chromium.org/2019/10/no-more-mixed-messages-about-https.html @ https://ssum-sec.casalemedia.com/usermatch?s=184674&gdpr=0&gdpr_consent=&us_privacy=1YNN&gpp=DBABBg%7EBUoAAACA.QA&gpp_sid=8&cb=https%3A%2F%2Fpbs.fsrv.io%2F%2Fsetuid%3Fbidder%3Dix%26gdpr%3D0%26gdpr_consent%3D%26us_privacy%3D1YNN%26gpp%3DDBABBg%7EBUoAAACA.QA%26gpp_sid%3D8%26f%3Db%26uid%3D:0
[   32015ms] [WARNING] Mixed Content: The page at 'https://ssum-sec.casalemedia.com/usermatch?s=184674&gdpr=0&gdpr_consent=&us_privacy=1YNN&gpp=DBABBg%7EBUoAAACA.QA&gpp_sid=8&cb=https%3A%2F%2Fpbs.fsrv.io%2F%2Fsetuid%3Fbidder%3Dix%26gdpr%3D0%26gdpr_consent%3D%26us_privacy%3D1YNN%26gpp%3DDBABBg%7EBUoAAACA.QA%26gpp_sid%3D8%26f%3Db%26uid%3D' was loaded over HTTPS, but requested an insecure element 'http://rtb2-useast.delivrdsp.ai/sync?exchange=1378&r=https%3A%2F%2Fdsum-sec.casalemedia.com%2Fcrum%3Fcm_dsp_id%3D282%26external_user_id%3D%7BUID%7D&us_privacy=1YNN'. This request was automatically upgraded to HTTPS, For more information see https://blog.chromium.org/2019/10/no-more-mixed-messages-about-https.html @ https://ssum-sec.casalemedia.com/usermatch?s=184674&gdpr=0&gdpr_consent=&us_privacy=1YNN&gpp=DBABBg%7EBUoAAACA.QA&gpp_sid=8&cb=https%3A%2F%2Fpbs.fsrv.io%2F%2Fsetuid%3Fbidder%3Dix%26gdpr%3D0%26gdpr_consent%3D%26us_privacy%3D1YNN%26gpp%3DDBABBg%7EBUoAAACA.QA%26gpp_sid%3D8%26f%3Db%26uid%3D:0
[   32156ms] [WARNING] An iframe which has both allow-scripts and allow-same-origin for its sandbox attribute can escape its sandboxing. @ https://scripts.mf.webcontentassessor.com/scripts/b16dc745cc9b8e4a07b28efe47ab1457979fe7086f074ee6a40190d35c887735:0
[   32163ms] [ERROR] Failed to load resource: net::ERR_NAME_NOT_RESOLVED @ https://cs.iqzone.com/6f0476ca45e1d6b67e3ee8d57532a022.gif?redir=https%3A%2F%2Fsync.cootlogix.com%2Fapi%2Fcookie%3FpartnerId%3Diqzone%26gdpr%3D%26gdpr_consent%3D%26us_privacy%3D%26userId%3D%5BUID%5D&gdpr=&gdpr_consent=&ccpa=:0
[   32182ms] [WARNING] An iframe which has both allow-scripts and allow-same-origin for its sandbox attribute can escape its sandboxing. @ https://scripts.mf.webcontentassessor.com/scripts/b16dc745cc9b8e4a07b28efe47ab1457979fe7086f074ee6a40190d35c887735:0
[   32206ms] [WARNING] An iframe which has both allow-scripts and allow-same-origin for its sandbox attribute can escape its sandboxing. @ https://scripts.mf.webcontentassessor.com/scripts/b16dc745cc9b8e4a07b28efe47ab1457979fe7086f074ee6a40190d35c887735:0
[   32240ms] [WARNING] An iframe which has both allow-scripts and allow-same-origin for its sandbox attribute can escape its sandboxing. @ https://scripts.mf.webcontentassessor.com/scripts/b16dc745cc9b8e4a07b28efe47ab1457979fe7086f074ee6a40190d35c887735:0
[   32267ms] [WARNING] An iframe which has both allow-scripts and allow-same-origin for its sandbox attribute can escape its sandboxing. @ https://scripts.mf.webcontentassessor.com/scripts/b16dc745cc9b8e4a07b28efe47ab1457979fe7086f074ee6a40190d35c887735:0
[   32286ms] [WARNING] An iframe which has both allow-scripts and allow-same-origin for its sandbox attribute can escape its sandboxing. @ https://scripts.mf.webcontentassessor.com/scripts/b16dc745cc9b8e4a07b28efe47ab1457979fe7086f074ee6a40190d35c887735:0
[   32305ms] [WARNING] An iframe which has both allow-scripts and allow-same-origin for its sandbox attribute can escape its sandboxing. @ https://scripts.mf.webcontentassessor.com/scripts/b16dc745cc9b8e4a07b28efe47ab1457979fe7086f074ee6a40190d35c887735:0
[   32329ms] [ERROR] Failed to load resource: the server responded with a status of 403 () @ https://jsonformatter.org/mraid.js:0
[   32373ms] [ERROR] Failed to load resource: the server responded with a status of 403 () @ https://jsonformatter.org/mraid.js:0
[   32469ms] [ERROR] Failed to load resource: net::ERR_NAME_NOT_RESOLVED @ https://visitor-krushmedia_video.omnitagjs.com/visitor/bsync?uid=7d6a83f5259befc8f9c924d7e034011a&name=krushmedia_video&url=yoururlencoded?visitor=PARTNER_USER_ID:0
[   32475ms] [ERROR] Failed to load resource: the server responded with a status of 400 (Bad Request) @ https://us4.shb-sync.com/a760a5a7-e35e-49b8-9f5e-723455346741.gif?puid=3cba453f-139b-3269-b8c8-62cbca9f57e5&gdpr=&gdpr_consent=ccpa=:0
[   32648ms] [INFO] Powered by AMP ⚡ HTML – Version 2607210106000 https://jsonformatter.org/ @ https://cdn.ampproject.org/rtv/012607210106000/amp4ads-v0.mjs:1
[   33043ms] [ERROR] Failed to load resource: net::ERR_NAME_NOT_RESOLVED @ https://sync.search.spotxchange.com/partner?adv_id=7025&gpp=DBABBg~BUoAAACA.QA&gpp_sid=8&redir=https%3A%2F%2Fcm.g.doubleclick.net%2Fpixel%3Fgoogle_nid%3Dspotxchange_dbm%26google_hm%3D%24SPOTX_BASE64_USER_ID:0
[   33745ms] [ERROR] Failed to load resource: the server responded with a status of 403 () @ https://jsonformatter.org/mraid.js:0
[   33043ms] [ERROR] Failed to load resource: net::ERR_NAME_NOT_RESOLVED @ https://sync.search.spotxchange.com/partner?adv_id=7025&gpp=DBABBg~BUoAAACA.QA&gpp_sid=8&redir=https%3A%2F%2Fcm.g.doubleclick.net%2Fpixel%3Fgoogle_nid%3Dspotxchange_dbm%26google_hm%3D%24SPOTX_BASE64_USER_ID:0
[   34735ms] [ERROR] Failed to load resource: net::ERR_CONNECTION_RESET @ https://sync.colossusssp.com/pbs.gif?&redir=https%3A%2F%2Fsync.adkernel.com%2Fuser-sync%3Fzone%3D263117%26dsp%3D1061476%26t%3Dimage%26uid%3D%5BUID%5D:0
[   35166ms] [LOG] URIError: URI malformed
    at decodeURIComponent (<anonymous>)
    at truste.ca.initParameterMap (https://choices.truste.com/ca?pid=comcast01&aid=comcast01&cid=%ebuy_6522286_434572637_244435411&js=st_0:19:106)
    at truste.ca2.initialize (https://choices.truste.com/ca?pid=comcast01&aid=comcast01&cid=%ebuy_6522286_434572637_244435411&js=st_0:29:11)
    at https://choices.truste.com/ca?pid=comcast01&aid=comcast01&cid=%ebuy_6522286_434572637_244435411&js=st_0:36:182 @ https://choices.truste.com/ca?pid=comcast01&aid=comcast01&cid=%ebuy_6522286_434572637_244435411&js=st_0:19
[   35171ms] [LOG] URIError: URI malformed
    at decodeURIComponent (<anonymous>)
    at truste.ca.initParameterMap (https://choices.truste.com/ca?pid=comcast01&aid=comcast01&cid=%ebuy_6522286_434572637_244435411&js=st_0:19:106)
    at truste.ca2.initialize (https://choices.truste.com/ca?pid=comcast01&aid=comcast01&cid=%ebuy_6522286_434572637_244435411&js=st_0:29:11)
    at https://choices.truste.com/ca?pid=comcast01&aid=comcast01&cid=%ebuy_6522286_434572637_244435411&js=st_0:36:182 @ https://choices.truste.com/ca?pid=comcast01&aid=comcast01&cid=%ebuy_6522286_434572637_244435411&js=st_0:19
[   35172ms] [LOG] URIError: URI malformed
    at decodeURIComponent (<anonymous>)
    at truste.ca.initParameterMap (https://choices.truste.com/ca?pid=comcast01&aid=comcast01&cid=%ebuy_6522286_434375905_244435411&js=st_0:19:106)
    at truste.ca2.initialize (https://choices.truste.com/ca?pid=comcast01&aid=comcast01&cid=%ebuy_6522286_434375905_244435411&js=st_0:29:11)
    at https://choices.truste.com/ca?pid=comcast01&aid=comcast01&cid=%ebuy_6522286_434375905_244435411&js=st_0:36:182 @ https://choices.truste.com/ca?pid=comcast01&aid=comcast01&cid=%ebuy_6522286_434375905_244435411&js=st_0:19
[   40854ms] [ERROR] Failed to load resource: net::ERR_CONNECTION_RESET @ https://sync.colossusssp.com/vdz.gif?puid=3cba453f-139b-3269-b8c8-62cbca9f57e5&redir=https%3A%2F%2Fsync.cootlogix.com%2Fapi%2Fcookie%3FpartnerId%3Dcolossus%26gdpr%3D%26gdpr_consent%3D%26us_privacy%3D%26userId%3D%5BUID%5D:0
